,AgeGap,AgeLimits,Algorithm Name,EvaluatedSolutions,Execution Time,Generations,NumberOfLayers,OpenLayers,ParetoFrontResults.Absolute Distance to BestKnownHypervolume,ParetoFrontResults.Best known hypervolume,ParetoFrontResults.Crowding,ParetoFrontResults.Generational Distance,ParetoFrontResults.Hypervolume,ParetoFrontResults.Pareto Front,ParetoFrontResults.Spacing,PopulationSize,Seed,SelectedParents
"ALPS with NSGA2 {AgeGap=5, NumberOfLayers=5} Run 1",5,[5;10;20;45;80],"ALPS with NSGA2 {AgeGap=5, NumberOfLayers=5}",300010,06:08.1,5784,5,5,7.11E-09,1331,0.728605729,1.851061735,1331,[[6.12303176616366E-17;5.3333738078103;0.000165506044698183][6.12303176910023E-17;5.47435326952374E-22;4.58130659264479][...]],0.444346433,10,43741020,20
"ALPS with NSGA2 {AgeGap=50, NumberOfLayers=5} Run 1",50,[50;100;200;450;800],"ALPS with NSGA2 {AgeGap=50, NumberOfLayers=5}",300020,06:25.5,6135,5,5,0.000999667,1331,0.768822321,2.3672194,1330.999,[[1;0;0][3.74915180455534E-33;6.36735674206717E-17;1.03990261396124][6.12302768287974E-17;5.44209792150636E-19;7.69319343325417][...]],0.281695457,10,219509405,20
"ALPS with NSGA2 {AgeGap=150, NumberOfLayers=5} Run 1",150,[150;300;600;1350;2400],"ALPS with NSGA2 {AgeGap=150, NumberOfLayers=5}",300030,06:33.5,6471,5,5,0.084855313,1331,1.003526519,2.602789776,1330.915145,[[3.74915180455534E-33;6.343877095641E-17;1.03606797006071][1;0;0][6.10208892919742E-17;4.21511429328659;0.349522539231384][...]],0.524749014,10,1612968533,20
"ALPS with NSGA2 {AgeGap=300, NumberOfLayers=5} Run 1",300,[300;600;1200;2700;4800],"ALPS with NSGA2 {AgeGap=300, NumberOfLayers=5}",300030,06:48.6,6955,5,5,1.604731596,1331,0.931668101,2.195263044,1329.395268,[[1;0;0][6.12303176911189E-17;0;1.75295785138295][3.74915180455534E-33;6.5848618812044E-17;1.075425072008][...]],0.811330467,10,233873952,20
"ALPS with NSGA2 {AgeGap=300, NumberOfLayers=10} Run 1",300,[300;600;1200;2700;4800;7500;10800;14700;19200;24300],"ALPS with NSGA2 {AgeGap=300, NumberOfLayers=10}",300000,11:40.5,10982,10,8,1.91E-06,1331,0.595350301,0.99853906,1330.999998,[[1;0;0][6.01708990435985E-17;2.18431312599738E-17;1.92605892381658][6.12303176911189E-17;0;1.01571905600946][...]],0.239360264,5,928152186,10
"ALPS with NSGA2 {AgeGap=5, NumberOfLayers=5} Run 2",5,[5;10;20;45;80],"ALPS with NSGA2 {AgeGap=5, NumberOfLayers=5}",300010,06:19.1,5784,5,5,7.82E-08,1331,0.638423081,1.085960719,1331,[[6.12303176911189E-17;1.23046919359238E-95;5.3377079551887][3.74915180455534E-33;6.66819482011844E-17;1.0890348231993][...]],0.334805983,10,176177419,20
"ALPS with NSGA2 {AgeGap=50, NumberOfLayers=5} Run 2",50,[50;100;200;450;800],"ALPS with NSGA2 {AgeGap=50, NumberOfLayers=5}",300020,06:34.3,6135,5,5,0.370018462,1331,0.634329853,1.514432458,1330.629982,[[1;0;0][3.74915180455534E-33;6.49034689581791E-17;1.05998909372951][6.12303176911189E-17;0;1.4011715620847][...]],0.85574879,10,1635880557,20
"ALPS with NSGA2 {AgeGap=150, NumberOfLayers=5} Run 2",150,[150;300;600;1350;2400],"ALPS with NSGA2 {AgeGap=150, NumberOfLayers=5}",300030,06:45.3,6471,5,5,0.839902436,1331,0.610111691,1.521058354,1330.160098,[[1;0;0][3.74915180455534E-33;6.51719622790775E-17;1.06437406723647][6.12303176909876E-17;6.7968368483175;1.40738127114018E-05][...]],0.303699967,10,1157661836,20
"ALPS with NSGA2 {AgeGap=300, NumberOfLayers=5} Run 2",300,[300;600;1200;2700;4800],"ALPS with NSGA2 {AgeGap=300, NumberOfLayers=5}",300030,06:59.4,6955,5,5,1.210084601,1331,0.802784198,2.652746452,1329.789915,[[1;0;0][6.12303176911166E-17;7.627478364702E-23;4.61216565578195][6.12302243158651E-17;7.47046482614364;0.0130465523422534][...]],0.459762464,10,1826964786,20
"ALPS with NSGA2 {AgeGap=5, NumberOfLayers=5} Run 3",5,[5;10;20;45;80],"ALPS with NSGA2 {AgeGap=5, NumberOfLayers=5}",300010,06:19.6,5784,5,5,6.82E-13,1331,0.579618572,0.894012134,1331,[[1;0;0][6.1230316672596E-17;4.62072596243256;0.000842805470849605][6.12303176911189E-17;3.94256575446631E-152;3.75153958766611][...]],0.359552307,10,1539253383,20
"ALPS with NSGA2 {AgeGap=50, NumberOfLayers=5} Run 3",50,[50;100;200;450;800],"ALPS with NSGA2 {AgeGap=50, NumberOfLayers=5}",300020,06:38.1,6135,5,5,0.012513193,1331,0.772159871,1.557215183,1330.987487,[[1;0;0][6.12191981525326E-17;4.18098086188622E-18;3.58307798280856][6.12303176911189E-17;0;1.83368190915764][...]],1.147926159,10,50634165,20
"ALPS with NSGA2 {AgeGap=150, NumberOfLayers=5} Run 3",150,[150;300;600;1350;2400],"ALPS with NSGA2 {AgeGap=150, NumberOfLayers=5}",300030,06:47.5,6471,5,5,0.953756465,1331,0.921315993,2.328906283,1330.046244,[[1;0;0][6.12303176911189E-17;6.5201488096728;0][6.11987511627291E-17;1.18350289376397E-17;6.02023771307964][...]],0.335347258,10,2058005277,20
"ALPS with NSGA2 {AgeGap=300, NumberOfLayers=5} Run 3",300,[300;600;1200;2700;4800],"ALPS with NSGA2 {AgeGap=300, NumberOfLayers=5}",300030,06:57.4,6955,5,5,1.228785546,1331,0.695312529,1.542352984,1329.771214,[[1;0;0][6.12303176911189E-17;2.26134238870624;0][3.74915180455534E-33;6.62511165891932E-17;1.08199857664306][...]],0.523092774,10,1562699196,20
"ALPS with NSGA2 {AgeGap=300, NumberOfLayers=10} Run 2",300,[300;600;1200;2700;4800;7500;10800;14700;19200;24300],"ALPS with NSGA2 {AgeGap=300, NumberOfLayers=10}",300000,12:02.9,10982,10,8,1.719285896,1331,0.563185278,1.052937192,1329.280714,[[1;0;0][6.10318603525545E-17;2.58657604515551;0.208760480875384][6.12295959016975E-17;3.82425333673628E-19;1.28630637967306][...]],0.350731973,5,974617257,10
"ALPS with NSGA2 {AgeGap=5, NumberOfLayers=5} Run 4",5,[5;10;20;45;80],"ALPS with NSGA2 {AgeGap=5, NumberOfLayers=5}",300010,06:28.0,5784,5,5,2.97E-10,1331,0.562760226,1.300947718,1331,[[6.11411977354433E-17;6.1627764410465;0.332866524560221][5.97061229758006E-17;4.89961378894398E-17;3.60880180388867][...]],0.365413361,10,1764076522,20
"ALPS with NSGA2 {AgeGap=50, NumberOfLayers=5} Run 4",50,[50;100;200;450;800],"ALPS with NSGA2 {AgeGap=50, NumberOfLayers=5}",300020,06:50.3,6135,5,5,1.081578605,1331,0.419829175,1.428859028,1329.918421,[[1;0;0][3.74915180455534E-33;6.39001576249947E-17;1.04360323504026][6.10167118509182E-17;3.43060963953729;0.287308332998511][...]],0.254521663,10,1495234556,20
"ALPS with NSGA2 {AgeGap=150, NumberOfLayers=5} Run 4",150,[150;300;600;1350;2400],"ALPS with NSGA2 {AgeGap=150, NumberOfLayers=5}",300030,06:57.0,6471,5,5,0.679982504,1331,0.543360627,1.699332609,1330.320017,[[1;0;0][6.1230317691116E-17;8.53337072949447E-23;4.5401123095512][6.12246298234845E-17;5.35446293045311;0.0729882006155209][...]],0.343453402,10,1837356546,20
"ALPS with NSGA2 {AgeGap=300, NumberOfLayers=5} Run 4",300,[300;600;1200;2700;4800],"ALPS with NSGA2 {AgeGap=300, NumberOfLayers=5}",300030,07:12.0,6955,5,5,1.159112748,1331,0.519431689,1.234714645,1329.840887,[[1;0;0][6.12303176911189E-17;3.0370878502601;0][6.12303176911189E-17;0;1.95289130928088][3.74915180455534E-33;6.51218453387345E-17;1.06355556845625][...]],0.247938867,10,1858717009,20
"ALPS with NSGA2 {AgeGap=5, NumberOfLayers=5} Run 5",5,[5;10;20;45;80],"ALPS with NSGA2 {AgeGap=5, NumberOfLayers=5}",300010,06:29.6,5784,5,5,2.38E-10,1331,0.662506271,1.185637108,1331,[[6.12303176911189E-17;3.60893078238905E-24;5.20812461994188][3.74915180455534E-33;6.62072777735674E-17;1.08128261080655][...]],0.405079459,10,1819057049,20
"ALPS with NSGA2 {AgeGap=50, NumberOfLayers=5} Run 5",50,[50;100;200;450;800],"ALPS with NSGA2 {AgeGap=50, NumberOfLayers=5}",300020,06:47.5,6135,5,5,0.666325586,1331,0.440131712,0.993607162,1330.333674,[[1;0;0][5.2674351723905E-17;6.03856186197451E-17;1.9343195962683][5.96998195481133E-17;2.37668230882117;0.541603910524431][...]],0.207447048,10,546472830,20
"ALPS with NSGA2 {AgeGap=150, NumberOfLayers=5} Run 5",150,[150;300;600;1350;2400],"ALPS with NSGA2 {AgeGap=150, NumberOfLayers=5}",300030,06:57.6,6471,5,5,1.176455206,1331,0.779027658,1.927062931,1329.823545,[[1;0;0][3.74915180455534E-33;6.45412283063216E-17;1.05407305955695][6.12295167351517E-17;1.0298677836855E-18;3.28836727963849][...]],0.320536083,10,1868431650,20
"ALPS with NSGA2 {AgeGap=300, NumberOfLayers=5} Run 5",300,[300;600;1200;2700;4800],"ALPS with NSGA2 {AgeGap=300, NumberOfLayers=5}",300030,07:11.9,6955,5,5,1.040571523,1331,0.814488531,1.957743366,1329.959428,[[1;0;0][6.12303176911189E-17;0;2.85467756211691][6.12303176911189E-17;4.12356889115258;0][5.89909212474923E-17;5.30421423428777E-17;3.23269673763783][...]],0.553552895,10,1190817715,20
"ALPS with NSGA2 {AgeGap=300, NumberOfLayers=10} Run 3",300,[300;600;1200;2700;4800;7500;10800;14700;19200;24300],"ALPS with NSGA2 {AgeGap=300, NumberOfLayers=10}",300000,12:12.5,10982,10,8,1.616461847,1331,0.443748773,0.720618947,1329.383538,[[1;0;0][5.70625357295341E-17;5.24885860085738E-17;2.36392190063485][6.12277493692415E-17;2.23039689049348;0.0204292433058347][...]],0.305410502,5,2110226320,10
"ALPS with NSGA2 {AgeGap=5, NumberOfLayers=5} Run 6",5,[5;10;20;45;80],"ALPS with NSGA2 {AgeGap=5, NumberOfLayers=5}",300010,06:32.5,5784,5,5,2.19E-07,1331,0.471777515,1.219232904,1331,[[1;0;0][6.1230317670483E-17;5.8694140018E-21;3.69220297755926][3.74915180455534E-33;6.58979469538934E-17;1.07623068830576][...]],0.209821618,10,1768035142,20
"ALPS with NSGA2 {AgeGap=50, NumberOfLayers=5} Run 6",50,[50;100;200;450;800],"ALPS with NSGA2 {AgeGap=50, NumberOfLayers=5}",300020,06:51.8,6135,5,5,0.015769277,1331,0.673815893,1.9791434,1330.984231,[[6.11727441978262E-17;6.11893367574263;0.265537103730832][1;0;0][3.74915180455534E-33;6.40869053707117E-17;1.04665315790134][...]],0.273431071,10,856242030,20
"ALPS with NSGA2 {AgeGap=150, NumberOfLayers=5} Run 6",150,[150;300;600;1350;2400],"ALPS with NSGA2 {AgeGap=150, NumberOfLayers=5}",300030,07:02.4,6471,5,5,0.504372151,1331,0.654340352,1.674270116,1330.495628,[[1;0;0][6.10494766741583E-17;4.6434864278872;0.357674563015817][6.12303176905637E-17;1.29891111273588E-21;4.98183432244213][...]],0.25157644,10,518709118,20
"ALPS with NSGA2 {AgeGap=300, NumberOfLayers=5} Run 6",300,[300;600;1200;2700;4800],"ALPS with NSGA2 {AgeGap=300, NumberOfLayers=5}",300030,07:13.1,6955,5,5,0.928524228,1331,0.529450344,1.550030243,1330.071476,[[1;0;0][6.12302982308343E-17;3.48292876599739;0.00277684110791589][6.10984641813304E-17;2.11938076857318E-17;5.27714243414988][...]],0.213175539,10,1167182971,20
"ALPS with NSGA2 {AgeGap=5, NumberOfLayers=5} Run 7",5,[5;10;20;45;80],"ALPS with NSGA2 {AgeGap=5, NumberOfLayers=5}",300010,06:33.1,5784,5,5,0.000667665,1331,0.587547316,1.380023814,1330.999332,[[1;0;0][6.12303176850541E-17;5.1845465009765;7.29705871151984E-05][3.74915180455534E-33;6.70635615619337E-17;1.09526724816685][...]],0.378926695,10,1335201649,20
"ALPS with NSGA2 {AgeGap=50, NumberOfLayers=5} Run 7",50,[50;100;200;450;800],"ALPS with NSGA2 {AgeGap=50, NumberOfLayers=5}",300020,06:47.3,6135,5,5,0.000107184,1331,0.701117573,1.702817138,1330.999893,[[1;0;0][5.9786342803071E-17;3.73988929770755;0.826911747030441][6.12275946501264E-17;5.84911015371196E-18;10.1290632963811][...]],0.808868159,10,1774881345,20
"ALPS with NSGA2 {AgeGap=150, NumberOfLayers=5} Run 7",150,[150;300;600;1350;2400],"ALPS with NSGA2 {AgeGap=150, NumberOfLayers=5}",300030,06:59.6,6471,5,5,6.27E-07,1331,0.787889473,2.013095327,1330.999999,[[3.74915180455534E-33;6.46954996938188E-17;1.05659258572167][6.12303176911189E-17;3.67055049131992;0][...]],0.487390079,10,542873861,20
"ALPS with NSGA2 {AgeGap=300, NumberOfLayers=10} Run 4",300,[300;600;1200;2700;4800;7500;10800;14700;19200;24300],"ALPS with NSGA2 {AgeGap=300, NumberOfLayers=10}",300000,12:17.7,10982,10,8,0.707972538,1331,0.652612155,1.34914847,1330.292027,[[1;0;0][5.67744103863789E-17;3.10995828506898E-17;1.35624073893103][6.12282284708988E-17;2.92071794841746;0.0241281811716547][...]],0.195035821,5,1698006310,10
"ALPS with NSGA2 {AgeGap=300, NumberOfLayers=5} Run 7",300,[300;600;1200;2700;4800],"ALPS with NSGA2 {AgeGap=300, NumberOfLayers=5}",300030,07:10.5,6955,5,5,1.369225092,1331,0.711186938,2.333248074,1329.630775,[[1;0;0][3.74915180455534E-33;6.61528033338226E-17;1.08039294631028][6.12303176897721E-17;1.76705591460108E-21;4.35113369842226][...]],0.372764454,10,1686635510,20
"ALPS with NSGA2 {AgeGap=5, NumberOfLayers=5} Run 8",5,[5;10;20;45;80],"ALPS with NSGA2 {AgeGap=5, NumberOfLayers=5}",300010,06:27.4,5784,5,5,2.27E-13,1331,0.616478642,1.397279614,1331,[[6.12303176911189E-17;0;7.33882627465106][6.12303031658375E-17;5.40076699627974;0.00372005650733459][...]],0.341187784,10,1969057745,20
"ALPS with NSGA2 {AgeGap=50, NumberOfLayers=5} Run 8",50,[50;100;200;450;800],"ALPS with NSGA2 {AgeGap=50, NumberOfLayers=5}",300020,06:49.7,6135,5,5,1.096904086,1331,0.80772398,1.873273981,1329.903096,[[1;0;0][6.12303176911189E-17;0;7.38320027819361][3.74915180455534E-33;6.34005495398279E-17;1.03544374634241][...]],0.407150938,10,25080673,20
"ALPS with NSGA2 {AgeGap=150, NumberOfLayers=5} Run 8",150,[150;300;600;1350;2400],"ALPS with NSGA2 {AgeGap=150, NumberOfLayers=5}",300030,06:58.2,6471,5,5,0.000331441,1331,0.770537387,2.393599699,1330.999669,[[1;0;0][3.74915180455534E-33;6.40948102281365E-17;1.04678225828368][6.12303173510025E-17;3.67519609252255E-20;5.69466901142123][...]],0.596978979,10,1076610653,20
"ALPS with NSGA2 {AgeGap=300, NumberOfLayers=5} Run 8",300,[300;600;1200;2700;4800],"ALPS with NSGA2 {AgeGap=300, NumberOfLayers=5}",300030,07:12.6,6955,5,5,0.194147684,1331,0.520217164,1.185709723,1330.805852,[[1;0;0][6.11716958986004E-17;4.23693350351898;0.185534618390768][3.74915180455534E-33;6.67669865786009E-17;1.09042365116268][...]],0.16774098,10,1045099302,20
"ALPS with NSGA2 {AgeGap=5, NumberOfLayers=5} Run 9",5,[5;10;20;45;80],"ALPS with NSGA2 {AgeGap=5, NumberOfLayers=5}",300010,06:32.1,5784,5,5,1.58E-05,1331,0.754896361,1.791456836,1330.999984,[[1;0;0][6.12303132774211E-17;6.32292214447477;0.00240077187364684][3.74915180455534E-33;6.78207584572492E-17;1.10763362031496][...]],0.371925872,10,384382791,20
"ALPS with NSGA2 {AgeGap=300, NumberOfLayers=10} Run 5",300,[300;600;1200;2700;4800;7500;10800;14700;19200;24300],"ALPS with NSGA2 {AgeGap=300, NumberOfLayers=10}",300000,12:13.2,10982,10,8,1.713498472,1331,0.71452789,1.213860505,1329.286502,[[1;0;0][6.0260033093647E-17;1.5602312973276E-17;1.43703889739786][6.12303176911189E-17;4.82344137351734;0][...]],0.355945507,5,1032746372,10
"ALPS with NSGA2 {AgeGap=50, NumberOfLayers=5} Run 9",50,[50;100;200;450;800],"ALPS with NSGA2 {AgeGap=50, NumberOfLayers=5}",300020,06:50.7,6135,5,5,0.263007008,1331,0.774496694,2.094774091,1330.736993,[[1;0;0][3.74915180455534E-33;6.44619127662098E-17;1.05277769570612][0.302603426385048;5.20801856801859;0][...]],0.541653139,10,553121161,20
"ALPS with NSGA2 {AgeGap=150, NumberOfLayers=5} Run 9",150,[150;300;600;1350;2400],"ALPS with NSGA2 {AgeGap=150, NumberOfLayers=5}",300030,07:00.1,6471,5,5,1.123884715,1331,0.568970553,1.630304684,1329.876115,[[1;0;0][6.12303176569994E-17;5.78151698272661E-21;2.82841065454069][3.74915180455534E-33;6.47327321279301E-17;1.0572006575971][...]],0.657780702,10,424779445,20
"ALPS with NSGA2 {AgeGap=300, NumberOfLayers=5} Run 9",300,[300;600;1200;2700;4800],"ALPS with NSGA2 {AgeGap=300, NumberOfLayers=5}",300030,07:13.7,6955,5,5,0.688027984,1331,0.340472432,0.769765268,1330.311972,[[1;0;0][5.66528825844886E-17;5.83630762861025E-17;2.51247135172565][6.12303176911189E-17;1.33035636125221;0][...]],0.199892067,10,1132266178,20
"ALPS with NSGA2 {AgeGap=5, NumberOfLayers=5} Run 10",5,[5;10;20;45;80],"ALPS with NSGA2 {AgeGap=5, NumberOfLayers=5}",300010,06:30.7,5784,5,5,3.55E-11,1331,0.57010208,1.604728572,1331,[[6.12047078235119E-17;8.66911874737113E-18;4.89574114574829][6.00926019522774E-17;5.39087847645309;1.05396658568634][...]],0.288137435,10,1237105506,20
"ALPS with NSGA2 {AgeGap=50, NumberOfLayers=5} Run 10",50,[50;100;200;450;800],"ALPS with NSGA2 {AgeGap=50, NumberOfLayers=5}",300020,06:50.3,6135,5,5,0.435225702,1331,0.395573268,0.864399312,1330.564774,[[1;0;0][5.76446415617802E-17;2.58552011282462;0.926018574409595][6.12303176911189E-17;0;2.61158738721632][...]],0.139854044,10,1899876564,20
"ALPS with NSGA2 {AgeGap=150, NumberOfLayers=5} Run 10",150,[150;300;600;1350;2400],"ALPS with NSGA2 {AgeGap=150, NumberOfLayers=5}",300030,06:58.6,6471,5,5,0.000102012,1331,0.847704821,1.961847421,1330.999898,[[3.74915180455534E-33;6.3693717037001E-17;1.04023169303659][1;0;0][6.12303176911188E-17;4.84042972315582;1.6085533646857E-07][...]],0.245729907,10,1062069547,20
"ALPS with NSGA2 {AgeGap=5, NumberOfLayers=5} Run 11",5,[5;10;20;45;80],"ALPS with NSGA2 {AgeGap=5, NumberOfLayers=5}",300010,06:30.0,5784,5,5,2.51E-09,1331,0.752086766,1.533904632,1331,[[3.74915180455534E-33;6.79962837201318E-17;1.1105002600696][1;0;0][6.12303176881452E-17;4.44833366978539;4.38404984787987E-05][...]],0.694985234,10,2125514968,20
"ALPS with NSGA2 {AgeGap=300, NumberOfLayers=5} Run 10",300,[300;600;1200;2700;4800],"ALPS with NSGA2 {AgeGap=300, NumberOfLayers=5}",300030,07:12.2,6955,5,5,0.011994451,1331,0.586831017,1.429873407,1330.988006,[[1;0;0][6.12303176817361E-17;5.80716323618979E-21;5.4175109697646][0.999887248387044;0;0.0734300980597102][...]],0.199712699,10,1808139658,20
"ALPS with NSGA2 {AgeGap=300, NumberOfLayers=10} Run 6",300,[300;600;1200;2700;4800;7500;10800;14700;19200;24300],"ALPS with NSGA2 {AgeGap=300, NumberOfLayers=10}",300000,12:15.5,10982,10,8,1.153334943,1331,0.580406642,1.199556155,1329.846665,[[1;0;0][6.12303176911188E-17;5.535689658217E-24;3.23344114062906][6.12303176911189E-17;0;1.01495998205688][...]],0.267425189,5,580084320,10
"ALPS with NSGA2 {AgeGap=50, NumberOfLayers=5} Run 11",50,[50;100;200;450;800],"ALPS with NSGA2 {AgeGap=50, NumberOfLayers=5}",300020,06:50.2,6135,5,5,0.989975573,1331,0.694469071,1.584026264,1330.010024,[[1;0;0][3.74915180455534E-33;6.45076817198274E-17;1.05352518412923][6.0698744124443E-17;2.36256534017434E-17;2.93459736945446][...]],0.798896208,10,793706814,20
"ALPS with NSGA2 {AgeGap=150, NumberOfLayers=5} Run 11",150,[150;300;600;1350;2400],"ALPS with NSGA2 {AgeGap=150, NumberOfLayers=5}",300030,06:58.1,6471,5,5,5.07E-05,1331,0.757570498,2.162699015,1330.999949,[[6.12303142298105E-17;1.13847563982278E-19;5.52974809316533][1;0;0][3.74915180455534E-33;6.54058680938602E-17;1.06819416524678][...]],0.260400916,10,1709328527,20
"ALPS with NSGA2 {AgeGap=5, NumberOfLayers=5} Run 12",5,[5;10;20;45;80],"ALPS with NSGA2 {AgeGap=5, NumberOfLayers=5}",300010,06:33.0,5784,5,5,2.61E-08,1331,0.555437966,1.267105781,1331,[[1;0;0][6.12303176911189E-17;2.15802749182311;3.88572551413276E-158][3.74915180455534E-33;6.77319357114548E-17;1.1061829868846][...]],0.47106289,10,798475684,20
"ALPS with NSGA2 {AgeGap=300, NumberOfLayers=5} Run 11",300,[300;600;1200;2700;4800],"ALPS with NSGA2 {AgeGap=300, NumberOfLayers=5}",300030,07:15.8,6955,5,5,0.861731217,1331,0.359101621,1.048463897,1330.138269,[[1;0;0][3.74915180455534E-33;6.51444274158584E-17;1.06392437394306][6.12303176911189E-17;0;1.46034582128336][...]],0.233687543,10,1601782672,20
"ALPS with NSGA2 {AgeGap=50, NumberOfLayers=5} Run 12",50,[50;100;200;450;800],"ALPS with NSGA2 {AgeGap=50, NumberOfLayers=5}",300020,06:50.3,6135,5,5,0.925290021,1331,0.568594478,1.984541891,1330.07471,[[1;0;0][6.12303176911189E-17;5.30413426226813;0][3.74915180455534E-33;6.41996031608116E-17;1.04849371327243][...]],0.272279401,10,1734705492,20
"ALPS with NSGA2 {AgeGap=150, NumberOfLayers=5} Run 12",150,[150;300;600;1350;2400],"ALPS with NSGA2 {AgeGap=150, NumberOfLayers=5}",300030,06:58.4,6471,5,5,0.034633182,1331,0.693434072,2.053450682,1330.965367,[[1;0;0][6.12303176911151E-17;1.38879375086414E-22;6.43034379027306][3.74915180455534E-33;6.46312846323528E-17;1.05554383954678][...]],0.2085633,10,1961461569,20
"ALPS with NSGA2 {AgeGap=5, NumberOfLayers=5} Run 13",5,[5;10;20;45;80],"ALPS with NSGA2 {AgeGap=5, NumberOfLayers=5}",300010,06:30.0,5784,5,5,5.74E-07,1331,0.435376179,0.987219245,1330.999999,[[1;0;0][6.12303176911189E-17;3.50486993555986;0][6.12303176911189E-17;5.18438282792713E-24;3.89637451147185][...]],0.193963454,10,1236837580,20
"ALPS with NSGA2 {AgeGap=300, NumberOfLayers=10} Run 7",300,[300;600;1200;2700;4800;7500;10800;14700;19200;24300],"ALPS with NSGA2 {AgeGap=300, NumberOfLayers=10}",300000,12:18.5,10982,10,8,0.007110576,1331,0.486407465,0.889487124,1330.992889,[[1;0;0][6.12303176911189E-17;1.95410372876966;0][3.74915180455534E-33;6.23399045498952E-17;1.01812152705746][...]],0.155424313,5,621145426,10
"ALPS with NSGA2 {AgeGap=300, NumberOfLayers=5} Run 12",300,[300;600;1200;2700;4800],"ALPS with NSGA2 {AgeGap=300, NumberOfLayers=5}",300030,07:10.6,6955,5,5,0.721059327,1331,0.505611094,1.403005644,1330.278941,[[1;0;0][6.12236337987757E-17;2.18908470818012E-18;2.41969954125713][3.74915180455534E-33;6.62669573799804E-17;1.08225728493308][...]],0.20694494,10,512925949,20
"ALPS with NSGA2 {AgeGap=50, NumberOfLayers=5} Run 13",50,[50;100;200;450;800],"ALPS with NSGA2 {AgeGap=50, NumberOfLayers=5}",300020,06:49.4,6135,5,5,1.139975003,1331,0.685528738,2.048510826,1329.860025,[[1;0;0][6.12303176911189E-17;0;3.9830433044377][6.12303176908534E-17;4.20046353558063;1.23693697772651E-05][...]],0.252366184,10,422150818,20
"ALPS with NSGA2 {AgeGap=150, NumberOfLayers=5} Run 13",150,[150;300;600;1350;2400],"ALPS with NSGA2 {AgeGap=150, NumberOfLayers=5}",300030,06:59.7,6471,5,5,0.002477596,1331,0.717529271,1.582886011,1330.997522,[[1;0;0][6.12303176911181E-17;7.3668713762967E-23;7.73015168932445][6.12303176911189E-17;5.61510120757528;9.7552095610387E-08][...]],0.374774006,10,598957910,20
"ALPS with NSGA2 {AgeGap=5, NumberOfLayers=5} Run 14",5,[5;10;20;45;80],"ALPS with NSGA2 {AgeGap=5, NumberOfLayers=5}",300010,06:32.6,5784,5,5,7.26E-08,1331,0.534225738,1.121498279,1331,[[6.12162693393814E-17;5.84375024976222E-18;4.45559408095631][6.12303176911189E-17;1.79364328039583;0][...]],0.208509604,10,1334982637,20
"ALPS with NSGA2 {AgeGap=300, NumberOfLayers=5} Run 13",300,[300;600;1200;2700;4800],"ALPS with NSGA2 {AgeGap=300, NumberOfLayers=5}",300030,07:15.9,6955,5,5,0.253997705,1331,0.527792624,1.56228199,1330.746002,[[1;0;0][6.12303176911188E-17;6.54073546382519E-24;3.71938285013595][6.12303154179945E-17;3.925097781203;0.00106953211073866][...]],0.283464014,10,1156478095,20
"ALPS with NSGA2 {AgeGap=50, NumberOfLayers=5} Run 14",50,[50;100;200;450;800],"ALPS with NSGA2 {AgeGap=50, NumberOfLayers=5}",300020,06:51.6,6135,5,5,1.631653363,1331,0.716266177,2.281489205,1329.368347,[[6.12303176911187E-17;5.1755255565415;3.41108097307249E-07][1;0;0][6.12303176911189E-17;0;3.32753673317146][...]],0.332899639,10,2085357894,20
"ALPS with NSGA2 {AgeGap=150, NumberOfLayers=5} Run 14",150,[150;300;600;1350;2400],"ALPS with NSGA2 {AgeGap=150, NumberOfLayers=5}",300030,06:59.3,6471,5,5,0.540023367,1331,1.174749188,2.515019377,1330.459977,[[1;0;0][6.11710105067158E-17;6.11567946042666;0.269367861469025][6.12302116675302E-17;3.75393296632435E-19;3.29448243928787][...]],0.510458713,10,1969943834,20
"ALPS with NSGA2 {AgeGap=5, NumberOfLayers=5} Run 15",5,[5;10;20;45;80],"ALPS with NSGA2 {AgeGap=5, NumberOfLayers=5}",300010,06:32.6,5784,5,5,1.17E-09,1331,0.934851129,1.683608627,1331,[[5.95263250179579E-17;4.23053103436063E-17;2.94920871555058][3.74915180455534E-33;6.50797177355616E-17;1.06286754976287][...]],0.37224834,10,52083441,20
"ALPS with NSGA2 {AgeGap=300, NumberOfLayers=10} Run 8",300,[300;600;1200;2700;4800;7500;10800;14700;19200;24300],"ALPS with NSGA2 {AgeGap=300, NumberOfLayers=10}",300000,12:18.8,10982,10,8,1.369331754,1331,0.735284583,1.395544625,1329.630668,[[1;0;0][6.12303175668707E-17;9.65286510889817E-21;2.47464561181194][6.12303176911189E-17;0;1.01419348161106][...]],0.281772553,5,409443068,10
"ALPS with NSGA2 {AgeGap=300, NumberOfLayers=5} Run 14",300,[300;600;1200;2700;4800],"ALPS with NSGA2 {AgeGap=300, NumberOfLayers=5}",300030,07:13.8,6955,5,5,0.109397965,1331,0.446709046,0.945667798,1330.890602,[[6.11985558386625E-17;2.49492000722018;0.0803915293558118][1;0;0][6.12303176771573E-17;4.49779048550158E-21;3.43980642359663][...]],0.24130689,10,431743396,20
"ALPS with NSGA2 {AgeGap=50, NumberOfLayers=5} Run 15",50,[50;100;200;450;800],"ALPS with NSGA2 {AgeGap=50, NumberOfLayers=5}",300020,06:51.4,6135,5,5,1.300678971,1331,0.720705328,2.230324777,1329.699321,[[6.1224969464004E-17;6.85438711177606;0.0906011566939731][1;0;0][3.74915180455534E-33;6.3982923756283E-17;1.04495495318267][...]],0.340936474,10,2000101520,20
"ALPS with NSGA2 {AgeGap=5, NumberOfLayers=5} Run 16",5,[5;10;20;45;80],"ALPS with NSGA2 {AgeGap=5, NumberOfLayers=5}",300010,06:30.1,5784,5,5,2.07E-07,1331,0.723815217,1.457019351,1331,[[6.12302065183659E-17;5.37729546993645;0.0102469687927606][6.09678797183249E-17;3.38650560548844E-17;5.98006716596927][...]],0.229515705,10,2032924604,20
"ALPS with NSGA2 {AgeGap=150, NumberOfLayers=5} Run 15",150,[150;300;600;1350;2400],"ALPS with NSGA2 {AgeGap=150, NumberOfLayers=5}",300030,06:57.8,6471,5,5,0.0008669,1331,0.774676077,2.035246399,1330.999133,[[6.12303176779271E-17;6.0702686985837E-21;4.77593841157422][1;0;0][6.12303176911189E-17;3.84422364653576;0][...]],0.151415978,10,229060067,20
"ALPS with NSGA2 {AgeGap=300, NumberOfLayers=5} Run 15",300,[300;600;1200;2700;4800],"ALPS with NSGA2 {AgeGap=300, NumberOfLayers=5}",300030,07:11.0,6955,5,5,2.43E-06,1331,0.489161047,1.254834706,1330.999998,[[1;0;0][6.12303176911189E-17;0;1.76771382181757][6.12303176911189E-17;1.46890682637405;0][3.74915180455534E-33;6.57465781046426E-17;1.07375856575343][...]],0.282470225,10,731330150,20
"ALPS with NSGA2 {AgeGap=50, NumberOfLayers=5} Run 16",50,[50;100;200;450;800],"ALPS with NSGA2 {AgeGap=50, NumberOfLayers=5}",300020,06:48.9,6135,5,5,0.963930567,1331,0.790638964,1.98537084,1330.036069,[[1;0;0][6.12303176911189E-17;4.26963353660861;0][6.1228140301857E-17;2.1840269607195E-18;4.22956363649969][...]],0.527529074,10,450135254,20
"ALPS with NSGA2 {AgeGap=300, NumberOfLayers=10} Run 9",300,[300;600;1200;2700;4800;7500;10800;14700;19200;24300],"ALPS with NSGA2 {AgeGap=300, NumberOfLayers=10}",300000,12:17.7,10982,10,8,1.311320815,1331,0.491952088,1.00355762,1329.688679,[[1;0;0][6.10081631419792E-17;1.26434002862925E-17;2.42623191054139][3.74915180455534E-33;6.21074445590276E-17;1.01432504192341][...]],0.378935235,5,486088543,10
"ALPS with NSGA2 {AgeGap=5, NumberOfLayers=5} Run 17",5,[5;10;20;45;80],"ALPS with NSGA2 {AgeGap=5, NumberOfLayers=5}",300010,06:29.9,5784,5,5,3.28E-10,1331,0.736846346,1.833414923,1331,[[1;0;0][3.74915180455534E-33;6.64284140400268E-17;1.08489415937918][6.12247653247203E-17;4.69065594399461E-18;5.68860936278631][...]],0.511193007,10,1452973755,20
"ALPS with NSGA2 {AgeGap=150, NumberOfLayers=5} Run 16",150,[150;300;600;1350;2400],"ALPS with NSGA2 {AgeGap=150, NumberOfLayers=5}",300030,06:57.0,6471,5,5,0.044248214,1331,0.907300103,2.215635498,1330.955752,[[3.74915180455534E-33;6.42076347494656E-17;1.04862488340116][6.12303176911019E-17;11.2537505105435;8.38248266689691E-06][...]],0.524118915,10,1305595848,20
"ALPS with NSGA2 {AgeGap=300, NumberOfLayers=5} Run 16",300,[300;600;1200;2700;4800],"ALPS with NSGA2 {AgeGap=300, NumberOfLayers=5}",300030,07:13.3,6955,5,5,1.236557775,1331,0.519466773,1.190376184,1329.763442,[[1;0;0][6.12303176909981E-17;3.16104241518885E-22;2.59917893267546][6.12303176911189E-17;0;1.30174992051709][...]],0.300773123,10,1685446875,20
"ALPS with NSGA2 {AgeGap=50, NumberOfLayers=5} Run 17",50,[50;100;200;450;800],"ALPS with NSGA2 {AgeGap=50, NumberOfLayers=5}",300020,06:49.3,6135,5,5,1.092149859,1331,0.444154941,1.258602022,1329.90785,[[1;0;0][6.12303176911189E-17;0;1.71231502800473][3.74915180455534E-33;6.37985087790201E-17;1.04194312857981][...]],0.207433076,10,686790871,20
"ALPS with NSGA2 {AgeGap=5, NumberOfLayers=5} Run 18",5,[5;10;20;45;80],"ALPS with NSGA2 {AgeGap=5, NumberOfLayers=5}",300010,06:30.4,5784,5,5,0.009805735,1331,0.833395864,2.165024421,1330.990194,[[3.74915180455534E-33;6.77490522379592E-17;1.10646253020807][6.10953969058677E-17;2.83537718764593E-17;6.9793106627505][...]],0.801044812,10,1288347330,20
"ALPS with NSGA2 {AgeGap=150, NumberOfLayers=5} Run 17",150,[150;300;600;1350;2400],"ALPS with NSGA2 {AgeGap=150, NumberOfLayers=5}",300030,06:58.1,6471,5,5,0.000257753,1331,0.444472953,1.312630784,1330.999742,[[6.12303176906782E-17;8.3545439472595E-22;3.59640686121413][3.74915180455534E-33;6.3836910152565E-17;1.04257029131541][...]],0.214337443,10,1438424798,20
"ALPS with NSGA2 {AgeGap=300, NumberOfLayers=5} Run 17",300,[300;600;1200;2700;4800],"ALPS with NSGA2 {AgeGap=300, NumberOfLayers=5}",300030,07:12.3,6955,5,5,0.768843247,1331,0.596670636,1.460750292,1330.231157,[[1;0;0][6.12303176911189E-17;0;3.37215696521932][6.12210119013891E-17;3.22137068063551;0.0561692426448762][...]],0.19837456,10,705965595,20
"ALPS with NSGA2 {AgeGap=300, NumberOfLayers=10} Run 10",300,[300;600;1200;2700;4800;7500;10800;14700;19200;24300],"ALPS with NSGA2 {AgeGap=300, NumberOfLayers=10}",300000,12:16.0,10982,10,8,1.414742552,1331,0.918606224,1.550855226,1329.585257,[[1;0;0][6.12303176911189E-17;1.784888536125;0][6.12234116887177E-17;2.84672606148791E-18;3.09561046845254][...]],0.51936673,5,1456850971,10
"ALPS with NSGA2 {AgeGap=50, NumberOfLayers=5} Run 18",50,[50;100;200;450;800],"ALPS with NSGA2 {AgeGap=50, NumberOfLayers=5}",300020,06:51.2,6135,5,5,0.000935401,1331,0.494678623,1.308424177,1330.999065,[[6.0709365218768E-17;3.20821266862913;0.421190958626379][1;0;0][6.12302543123116E-17;2.1440627168244E-19;2.43370151307913][...]],0.475731065,10,1195586019,20
"ALPS with NSGA2 {AgeGap=5, NumberOfLayers=5} Run 19",5,[5;10;20;45;80],"ALPS with NSGA2 {AgeGap=5, NumberOfLayers=5}",300010,06:29.7,5784,5,5,3.21E-07,1331,0.550116884,1.234286126,1331,[[6.12303176911189E-17;3.21220495464354E-24;4.03750343422697][3.74915180455534E-33;6.53403466996295E-17;1.06712408433423][...]],0.256604817,10,540677797,20
"ALPS with NSGA2 {AgeGap=150, NumberOfLayers=5} Run 18",150,[150;300;600;1350;2400],"ALPS with NSGA2 {AgeGap=150, NumberOfLayers=5}",300030,07:00.6,6471,5,5,0.005686523,1331,0.619726303,1.385203331,1330.994313,[[1;0;0][6.12303176911148E-17;3.89004288635535;1.41806488949482E-06][6.12303176897419E-17;1.74388657839867E-21;4.24682367869364][...]],0.319109492,10,373476157,20
"ALPS with NSGA2 {AgeGap=50, NumberOfLayers=5} Run 19",50,[50;100;200;450;800],"ALPS with NSGA2 {AgeGap=50, NumberOfLayers=5}",300020,06:50.4,6135,5,5,1.405884402,1331,0.535178856,1.614246654,1329.594116,[[1;0;0][3.74915180455534E-33;6.36749666306934E-17;1.03992546554971][6.12182614112753E-17;6.52201720653692E-18;5.36782569950654][...]],0.23887135,10,173098673,20
"ALPS with NSGA2 {AgeGap=300, NumberOfLayers=5} Run 18",300,[300;600;1200;2700;4800],"ALPS with NSGA2 {AgeGap=300, NumberOfLayers=5}",300030,07:15.0,6955,5,5,0.024924322,1331,0.403841763,0.969465711,1330.975076,[[1;0;0][6.12303176911076E-17;1.2336922999483E-22;3.32916209373431][3.74915180455534E-33;6.45811036389053E-17;1.05472429466543][...]],0.214540162,10,2136161430,20
"ALPS with NSGA2 {AgeGap=5, NumberOfLayers=5} Run 20",5,[5;10;20;45;80],"ALPS with NSGA2 {AgeGap=5, NumberOfLayers=5}",300010,06:33.3,5784,5,5,4.55E-13,1331,0.732714547,1.735138864,1331,[[6.12303175821559E-17;6.54841110750542;0.000390667432497662][3.74915180455534E-33;6.60554163836537E-17;1.07880244418909][...]],0.260675433,10,2069212082,20
"ALPS with NSGA2 {AgeGap=150, NumberOfLayers=5} Run 19",150,[150;300;600;1350;2400],"ALPS with NSGA2 {AgeGap=150, NumberOfLayers=5}",300030,06:58.2,6471,5,5,1.626691802,1331,0.768912767,2.516961557,1329.373308,[[0.999999999166899;0;0.000247264075900933][1;0;0][6.12303176877091E-17;7.54607805455459;7.9637356154152E-05][...]],0.450931343,10,2099413665,20
"ALPS with NSGA2 {AgeGap=300, NumberOfLayers=10} Run 11",300,[300;600;1200;2700;4800;7500;10800;14700;19200;24300],"ALPS with NSGA2 {AgeGap=300, NumberOfLayers=10}",300000,12:17.2,10982,10,8,4.75616388,1331,0.962218454,2.058571018,1326.243836,[[1;0;0][6.1175561050531E-17;3.59105245910971;0.151971910866377][6.12303176911159E-17;3.8896260531387E-23;2.02558866911715][...]],0.846123074,5,536725965,10
"ALPS with NSGA2 {AgeGap=50, NumberOfLayers=5} Run 20",50,[50;100;200;450;800],"ALPS with NSGA2 {AgeGap=50, NumberOfLayers=5}",300020,06:51.4,6135,5,5,1.20E-05,1331,0.676479273,1.577975827,1330.999988,[[1;0;0][6.12303176911152E-17;7.10544681872979;2.46124710879737E-06][3.74915180455534E-33;6.27803171807772E-17;1.02531424869421][...]],0.298043603,10,7596176,20
"ALPS with NSGA2 {AgeGap=300, NumberOfLayers=5} Run 19",300,[300;600;1200;2700;4800],"ALPS with NSGA2 {AgeGap=300, NumberOfLayers=5}",300030,07:14.8,6955,5,5,1.375488143,1331,0.67037478,1.983151978,1329.624512,[[1;0;0][6.12303176911189E-17;4.16185554016215;0][6.11408838999771E-17;2.22086959212E-17;6.71324697828598][...]],0.364198969,10,935726740,20
"ALPS with NSGA2 {AgeGap=150, NumberOfLayers=5} Run 20",150,[150;300;600;1350;2400],"ALPS with NSGA2 {AgeGap=150, NumberOfLayers=5}",300030,06:59.0,6471,5,5,1.189135834,1331,0.893978182,2.044073871,1329.810864,[[1;0;0][6.12303176911189E-17;0;2.66248849559353][3.74915180455534E-33;6.35883157978441E-17;1.03851030332099][...]],0.248427415,10,610595554,20
"ALPS with NSGA2 {AgeGap=150, NumberOfLayers=10} Run 1",150,[150;300;600;1350;2400;3750;5400;7350;9600;12150],"ALPS with NSGA2 {AgeGap=150, NumberOfLayers=10}",300015,11:24.4,9026,10,9,1.790323008,1331,0.904470449,1.890293473,1329.209677,[[6.12303176911189E-17;5.08905385858264;0][1;0;0][6.12300367721002E-17;5.9163272626176E-19;3.1898029965284][...]],0.218401595,5,563684704,10
"ALPS with NSGA2 {AgeGap=300, NumberOfLayers=5} Run 20",300,[300;600;1200;2700;4800],"ALPS with NSGA2 {AgeGap=300, NumberOfLayers=5}",300030,07:12.6,6955,5,5,0.77729963,1331,0.411317833,1.199880909,1330.2227,[[1;0;0][6.12303176911189E-17;0;2.69829416144376][5.7175415225361E-17;6.29843447490984E-17;2.87445850853555][...]],0.268743438,10,143678093,20
"ALPS with NSGA2 {AgeGap=50, NumberOfLayers=10} Run 1",50,[50;100;200;450;800;1250;1800;2450;3200;4050],"ALPS with NSGA2 {AgeGap=50, NumberOfLayers=10}",300000,10:26.8,7015,10,10,3.96E-06,1331,0.733714831,0.999254858,1330.999996,[[1;0;0][6.12108861059681E-17;2.88831494216296E-18;1.87252073979574][3.74915180455534E-33;6.16399562990279E-17;1.00669012710297][...]],1.30215995,5,1196883801,10
"ALPS with NSGA2 {AgeGap=300, NumberOfLayers=10} Run 12",300,[300;600;1200;2700;4800;7500;10800;14700;19200;24300],"ALPS with NSGA2 {AgeGap=300, NumberOfLayers=10}",300000,12:19.1,10982,10,8,2.91953023,1331,0.673118377,1.431028204,1328.08047,[[1;0;0][6.12303176218997E-17;1.0880316470036E-20;3.73706114456277][6.12303176800402E-17;5.3971188081225;0.000102668713850716][...]],0.370469082,5,446141392,10
"ALPS with NSGA2 {AgeGap=5, NumberOfLayers=10} Run 1",5,[5;10;20;45;80;125;180;245;320;405],"ALPS with NSGA2 {AgeGap=5, NumberOfLayers=10}",300030,09:53.1,5983,10,10,1.88E-10,1331,0.824015598,1.885510546,1331,[[6.12303176907586E-17;4.70024591950188;1.61234961667157E-05][1;0;0][3.74915180455534E-33;6.22408588970207E-17;1.0165039353707][...]],0.57130296,5,1415784997,10
"ALPS with NSGA2 {AgeGap=300, NumberOfLayers=3} Run 1",300,[300;600;1200],"ALPS with NSGA2 {AgeGap=300, NumberOfLayers=3}",300000,05:50.2,6542,3,3,1.034202611,1331,0.577880155,1.47179841,1329.965797,[[1;0;0][6.02637210225327E-17;5.62465525091998;1.01143993314567][3.74915180455534E-33;6.69464988343482E-17;1.09335540560258][...]],0.348361407,16,1414645319,32
"ALPS with NSGA2 {AgeGap=150, NumberOfLayers=10} Run 2",150,[150;300;600;1350;2400;3750;5400;7350;9600;12150],"ALPS with NSGA2 {AgeGap=150, NumberOfLayers=10}",300015,11:24.9,9026,10,9,1.287087396,1331,0.656407521,1.02338351,1329.712913,[[1;0;0][6.12303176659167E-17;2.67826205612127;7.68429396404722E-05][6.12233715977961E-17;3.86848043865301E-18;4.19453827001467][...]],0.725487925,5,1194391931,10
"ALPS with NSGA2 {AgeGap=300, NumberOfLayers=3} Run 2",300,[300;600;1200],"ALPS with NSGA2 {AgeGap=300, NumberOfLayers=3}",300000,05:48.2,6542,3,3,0.668469347,1331,0.577921749,1.243385549,1330.331531,[[1;0;0][6.12303169475381E-17;3.15790084648711;0.000492146397733654][3.74915180455534E-33;6.72464278347295E-17;1.09825377967103][...]],0.564887179,16,1579079591,32
"ALPS with NSGA2 {AgeGap=50, NumberOfLayers=10} Run 2",50,[50;100;200;450;800;1250;1800;2450;3200;4050],"ALPS with NSGA2 {AgeGap=50, NumberOfLayers=10}",300000,10:29.4,7015,10,10,7.49E-06,1331,0.880747296,1.516337442,1330.999993,[[1;0;0][5.84634515597808E-17;2.80986104508267E-17;1.54402738259215][6.12303176911189E-17;1.70644716207111;0][...]],0.690874501,5,528000879,10
"ALPS with NSGA2 {AgeGap=5, NumberOfLayers=10} Run 2",5,[5;10;20;45;80;125;180;245;320;405],"ALPS with NSGA2 {AgeGap=5, NumberOfLayers=10}",300030,09:55.1,5983,10,10,0.003765159,1331,1.406686618,2.612762524,1330.996235,[[1;0;0][6.12303176911185E-17;4.08153860035356E-23;6.32793450000471][3.74915180455534E-33;6.22610571068815E-17;1.01683380806486][...]],0.526935694,5,1209451674,10
"ALPS with NSGA2 {AgeGap=300, NumberOfLayers=10} Run 13",300,[300;600;1200;2700;4800;7500;10800;14700;19200;24300],"ALPS with NSGA2 {AgeGap=300, NumberOfLayers=10}",300000,12:21.0,10982,10,8,2.42555677,1331,0.451681626,1.017345865,1328.574443,[[1;0;0][6.12303176911189E-17;2.6223055628044;0][6.12303175920432E-17;6.62525475287163E-21;1.90204479805297][...]],0.264689986,5,1468133168,10
"ALPS with NSGA2 {AgeGap=300, NumberOfLayers=3} Run 3",300,[300;600;1200],"ALPS with NSGA2 {AgeGap=300, NumberOfLayers=3}",300000,05:49.9,6542,3,3,0.837196944,1331,0.731088718,1.915333411,1330.162803,[[1;0;0][6.12303176906198E-17;6.45779078551242;2.60720222531855E-05][6.12001447140842E-17;1.0869554917131E-17;5.65532978054263][...]],0.239391513,16,307618271,32
"ALPS with NSGA2 {AgeGap=150, NumberOfLayers=10} Run 3",150,[150;300;600;1350;2400;3750;5400;7350;9600;12150],"ALPS with NSGA2 {AgeGap=150, NumberOfLayers=10}",300015,11:25.6,9026,10,9,0.769416274,1331,0.563196517,0.898953255,1330.230584,[[1;0;0][6.12217075552695E-17;1.56568747314199;0.0262595709779266][6.12303048729732E-17;1.43232625079748E-19;3.61518992953218][...]],0.389476381,5,92590364,10
"ALPS with NSGA2 {AgeGap=300, NumberOfLayers=3} Run 4",300,[300;600;1200],"ALPS with NSGA2 {AgeGap=300, NumberOfLayers=3}",300000,05:49.6,6542,3,3,0.53386526,1331,0.427830095,1.079464073,1330.466135,[[1;0;0][6.12303176911189E-17;0;2.13957074001724][6.12303176907884E-17;4.07277174212523;1.33811753792941E-05][...]],0.20253507,16,1463033225,32
"ALPS with NSGA2 {AgeGap=50, NumberOfLayers=10} Run 3",50,[50;100;200;450;800;1250;1800;2450;3200;4050],"ALPS with NSGA2 {AgeGap=50, NumberOfLayers=10}",300000,10:27.1,7015,10,10,0.701017992,1331,0.625119347,1.207250919,1330.298982,[[1;0;0][6.12044652068851E-17;4.09140159836429;0.11893031021766][6.11661783374935E-17;8.60973449792918E-18;3.07286143625743][...]],0.575964471,5,977998377,10
"ALPS with NSGA2 {AgeGap=5, NumberOfLayers=10} Run 3",5,[5;10;20;45;80;125;180;245;320;405],"ALPS with NSGA2 {AgeGap=5, NumberOfLayers=10}",300030,09:56.1,5983,10,10,0.0009919,1331,0.876148102,2.273439988,1330.999008,[[1;0;0][6.12303176911155E-17;6.3984192053631;2.11699667108856E-06][6.12301475695681E-17;2.17303212417275E-19;1.50552692740488][...]],0.373074281,5,348340430,10
"ALPS with NSGA2 {AgeGap=300, NumberOfLayers=10} Run 14",300,[300;600;1200;2700;4800;7500;10800;14700;19200;24300],"ALPS with NSGA2 {AgeGap=300, NumberOfLayers=10}",300000,12:19.3,10982,10,8,2.85116948,1331,0.520478258,1.281575958,1328.148831,[[1;0;0][6.12303176911189E-17;3.02381515907796;0][6.12303176911187E-17;1.27220196613833E-23;2.93462542419313][...]],0.09059505,5,148808917,10
"ALPS with NSGA2 {AgeGap=300, NumberOfLayers=3} Run 5",300,[300;600;1200],"ALPS with NSGA2 {AgeGap=300, NumberOfLayers=3}",300000,05:49.1,6542,3,3,0.639974214,1331,0.381991359,0.722303178,1330.360026,[[1;0;0][3.74915180455534E-33;6.48495294759938E-17;1.05910816604174][6.12303176911189E-17;1.60836830058212E-38;4.07174251485622][...]],0.18699169,16,1274670698,32
"ALPS with NSGA2 {AgeGap=150, NumberOfLayers=10} Run 4",150,[150;300;600;1350;2400;3750;5400;7350;9600;12150],"ALPS with NSGA2 {AgeGap=150, NumberOfLayers=10}",300015,11:27.4,9026,10,9,0.476756543,1331,0.826990041,1.3284169,1330.523243,[[1;0;0][6.12303176686755E-17;3.86897598783423E-21;2.33374640380151][6.12303176911189E-17;2.15530598637953;0][...]],0.544447809,5,49258617,10
"ALPS with NSGA2 {AgeGap=50, NumberOfLayers=10} Run 4",50,[50;100;200;450;800;1250;1800;2450;3200;4050],"ALPS with NSGA2 {AgeGap=50, NumberOfLayers=10}",300000,10:32.5,7015,10,10,0.80258325,1331,0.639712541,1.470172706,1330.197417,[[1;0;0][6.12303176785988E-17;3.78289127831261E-21;3.05508057651237][6.12303176911189E-17;3.15107145005004;0][...]],0.345900491,5,1927470256,10
"ALPS with NSGA2 {AgeGap=5, NumberOfLayers=10} Run 4",5,[5;10;20;45;80;125;180;245;320;405],"ALPS with NSGA2 {AgeGap=5, NumberOfLayers=10}",300030,09:51.2,5983,10,10,1.02E-11,1331,0.608851019,1.441760454,1331,[[1;0;0][6.12303176911188E-17;5.3790899587601;1.45293011736631E-07][6.12303176911189E-17;0;1.01419736728383][...]],0.170860338,5,1372062266,10
"ALPS with NSGA2 {AgeGap=300, NumberOfLayers=3} Run 6",300,[300;600;1200],"ALPS with NSGA2 {AgeGap=300, NumberOfLayers=3}",300000,05:48.5,6542,3,3,0.484951937,1331,0.369553008,0.773186327,1330.515048,[[1;0;0][6.1230106348635E-17;4.45905435513683E-19;2.77173357885082][6.07038437552888E-17;2.83916855691749;0.374736607637147][...]],0.129174887,16,2040475962,32
"ALPS with NSGA2 {AgeGap=300, NumberOfLayers=10} Run 15",300,[300;600;1200;2700;4800;7500;10800;14700;19200;24300],"ALPS with NSGA2 {AgeGap=300, NumberOfLayers=10}",300000,12:17.8,10982,10,8,1.393043154,1331,0.7444748,1.182081777,1329.606957,[[1;0;0][6.1230317691115E-17;3.94436531246424;1.39450627293007E-06][6.12232537433115E-17;2.32116878770057E-18;2.49572800950608][...]],0.450600957,5,1131209667,10
"ALPS with NSGA2 {AgeGap=300, NumberOfLayers=3} Run 7",300,[300;600;1200],"ALPS with NSGA2 {AgeGap=300, NumberOfLayers=3}",300000,05:47.6,6542,3,3,0.391949892,1331,0.358915099,0.603984595,1330.60805,[[1;0;0][3.74915180455534E-33;6.54173268634532E-17;1.06838130733628][6.1229586397866E-17;7.8060061650541E-19;2.60847181947406][...]],0.157502403,16,2096680111,32
"ALPS with NSGA2 {AgeGap=150, NumberOfLayers=10} Run 5",150,[150;300;600;1350;2400;3750;5400;7350;9600;12150],"ALPS with NSGA2 {AgeGap=150, NumberOfLayers=10}",300015,11:23.0,9026,10,9,1.069058404,1331,0.571684829,1.088139565,1329.930942,[[1;0;0][6.12303176726582E-17;4.14549070569294E-21;2.75711309366111][6.12303176911189E-17;1.05379239178162;0][...]],0.219114913,5,139396618,10
"ALPS with NSGA2 {AgeGap=50, NumberOfLayers=10} Run 5",50,[50;100;200;450;800;1250;1800;2450;3200;4050],"ALPS with NSGA2 {AgeGap=50, NumberOfLayers=10}",300000,10:27.5,7015,10,10,0.004238077,1331,0.5952068,0.830162778,1330.995762,[[1;0;0][6.12303176911189E-17;2.02774914132813;0][5.01863474189461E-17;5.46061091474738E-17;1.55669503687108][...]],0.80149278,5,2016248918,10
"ALPS with NSGA2 {AgeGap=5, NumberOfLayers=10} Run 5",5,[5;10;20;45;80;125;180;245;320;405],"ALPS with NSGA2 {AgeGap=5, NumberOfLayers=10}",300030,09:53.2,5983,10,10,0.808520874,1331,0.928297349,1.797201224,1330.191479,[[1;0;0][6.12303171704976E-17;4.03267752308777E-20;5.05049881520684][6.12303176911189E-17;0;1.01258335649657][...]],0.804569075,5,783001938,10
"ALPS with NSGA2 {AgeGap=300, NumberOfLayers=3} Run 8",300,[300;600;1200],"ALPS with NSGA2 {AgeGap=300, NumberOfLayers=3}",300000,05:48.3,6542,3,3,0.505170118,1331,0.313397702,0.735947874,1330.49483,[[1;0;0][6.12303176911189E-17;2.69620375736956;0][3.74915180455534E-33;6.59832216547968E-17;1.07762337585205][...]],0.115889602,16,2026468415,32
"ALPS with NSGA2 {AgeGap=300, NumberOfLayers=10} Run 16",300,[300;600;1200;2700;4800;7500;10800;14700;19200;24300],"ALPS with NSGA2 {AgeGap=300, NumberOfLayers=10}",300000,12:14.1,10982,10,8,4.188031275,1331,0.837196033,1.711060237,1326.811969,[[1;0;0][6.12303176911189E-17;4.2584069545556;0][6.12282908386195E-17;2.16096933363426E-18;4.33753379240687][...]],0.286285262,5,1433217869,10
"ALPS with NSGA2 {AgeGap=300, NumberOfLayers=3} Run 9",300,[300;600;1200],"ALPS with NSGA2 {AgeGap=300, NumberOfLayers=3}",300000,05:48.7,6542,3,3,0.469821955,1331,0.66979516,1.339926182,1330.530178,[[1;0;0][6.12268931373424E-17;3.70587873934119E-18;5.72264792622604][3.74915180455534E-33;6.49860508433677E-17;1.06133780280538][...]],0.191502715,16,1097197864,32
"ALPS with NSGA2 {AgeGap=150, NumberOfLayers=10} Run 6",150,[150;300;600;1350;2400;3750;5400;7350;9600;12150],"ALPS with NSGA2 {AgeGap=150, NumberOfLayers=10}",300015,11:25.9,9026,10,9,1.044516864,1331,0.418741528,0.63634483,1329.955483,[[1;0;0][6.1230317691044E-17;1.95131009303553E-22;2.03787560604641][3.74915180455534E-33;6.1881006942465E-17;1.01062691287392][...]],0.404824412,5,510014961,10
"ALPS with NSGA2 {AgeGap=5, NumberOfLayers=10} Run 6",5,[5;10;20;45;80;125;180;245;320;405],"ALPS with NSGA2 {AgeGap=5, NumberOfLayers=10}",300030,09:56.0,5983,10,10,1.78E-06,1331,0.776181539,1.668753488,1330.999998,[[6.1230306488098E-17;1.80838581743921E-19;4.88230926183894][1;0;0][6.12303176911189E-17;3.76848179538232;0][...]],0.841874051,5,221463891,10
"ALPS with NSGA2 {AgeGap=50, NumberOfLayers=10} Run 6",50,[50;100;200;450;800;1250;1800;2450;3200;4050],"ALPS with NSGA2 {AgeGap=50, NumberOfLayers=10}",300000,10:25.5,7015,10,10,2.028603621,1331,0.527354148,0.947094549,1328.971396,[[1;0;0][6.12303176911189E-17;3.31786548527222;0][6.12303176815913E-17;1.92792481903301E-21;1.78485092199291][...]],0.319422698,5,2048171502,10
"ALPS with NSGA2 {AgeGap=300, NumberOfLayers=3} Run 10",300,[300;600;1200],"ALPS with NSGA2 {AgeGap=300, NumberOfLayers=3}",300000,05:46.6,6542,3,3,3.10E-08,1331,0.352989659,0.607610953,1331,[[1;0;0][6.12303176911189E-17;0;1.84251640166068][6.12300117971156E-17;3.29767994922019;0.0104238308148342][...]],0.121244178,16,120734596,32
"ALPS with NSGA2 {AgeGap=300, NumberOfLayers=3} Run 11",300,[300;600;1200],"ALPS with NSGA2 {AgeGap=300, NumberOfLayers=3}",300000,05:50.4,6542,3,3,0.691003805,1331,0.400771778,0.869415589,1330.308996,[[1;0;0][6.12303176911189E-17;2.72389174234402;5.91824920651067E-57][6.11698188404847E-17;1.16199153758707E-17;4.2701039959122][...]],0.237330346,16,269661878,32
"ALPS with NSGA2 {AgeGap=300, NumberOfLayers=10} Run 17",300,[300;600;1200;2700;4800;7500;10800;14700;19200;24300],"ALPS with NSGA2 {AgeGap=300, NumberOfLayers=10}",300000,12:18.8,10982,10,8,1.521969535,1331,0.677318199,1.088323796,1329.47803,[[1;0;0][6.12303176911188E-17;4.08469370413116;2.06875717327019E-07][6.10543480591189E-17;5.99363121354524E-18;1.29206735573232][...]],0.735777894,5,2069887486,10
"ALPS with NSGA2 {AgeGap=5, NumberOfLayers=10} Run 7",5,[5;10;20;45;80;125;180;245;320;405],"ALPS with NSGA2 {AgeGap=5, NumberOfLayers=10}",300030,09:56.1,5983,10,10,4.01E-05,1331,0.680839608,1.213705373,1330.99996,[[1;0;0][6.12303176911189E-17;4.31956540531396;0][6.1230317691112E-17;4.9174822065296E-23;1.69798000685638][...]],0.535966294,5,256089954,10
"ALPS with NSGA2 {AgeGap=50, NumberOfLayers=10} Run 7",50,[50;100;200;450;800;1250;1800;2450;3200;4050],"ALPS with NSGA2 {AgeGap=50, NumberOfLayers=10}",300000,10:30.7,7015,10,10,1.022555521,1331,0.478513126,0.838691097,1329.977444,[[1;0;0][3.74915180455534E-33;6.17330106212369E-17;1.00820986970301][6.12303176911189E-17;0;1.00820986970301][...]],0.33758177,5,1161917755,10
"ALPS with NSGA2 {AgeGap=150, NumberOfLayers=10} Run 7",150,[150;300;600;1350;2400;3750;5400;7350;9600;12150],"ALPS with NSGA2 {AgeGap=150, NumberOfLayers=10}",300015,11:27.6,9026,10,9,1.096732896,1331,0.677478012,1.021689122,1329.903267,[[1;0;0][6.03831305366442E-17;1.12156790312855E-17;1.10495626799916][3.74915180455534E-33;6.17568897640027E-17;1.00859985857889][...]],1.243535799,5,3993862,10
"ALPS with NSGA2 {AgeGap=300, NumberOfLayers=3} Run 12",300,[300;600;1200],"ALPS with NSGA2 {AgeGap=300, NumberOfLayers=3}",300000,05:47.5,6542,3,3,0.396156633,1331,0.301752744,0.533626832,1330.603843,[[1;0;0][3.74915180455534E-33;6.59772722128577E-17;1.07752621088274][6.12303176911189E-17;0;2.15827486130361][...]],0.143724377,16,1639882587,32
"ALPS with NSGA2 {AgeGap=5, NumberOfLayers=10} Run 8",5,[5;10;20;45;80;125;180;245;320;405],"ALPS with NSGA2 {AgeGap=5, NumberOfLayers=10}",300030,09:55.1,5983,10,10,2.57E-10,1331,0.863177527,1.692969227,1331,[[1;0;0][6.12283689301524E-17;2.29077740882803E-18;4.68930851943347][6.12303176911189E-17;0;1.01862019643054][...]],0.346240657,5,760346451,10
"ALPS with NSGA2 {AgeGap=300, NumberOfLayers=3} Run 13",300,[300;600;1200],"ALPS with NSGA2 {AgeGap=300, NumberOfLayers=3}",300000,05:50.2,6542,3,3,0.669728315,1331,0.675660494,1.753080205,1330.330272,[[1;0;0][3.74915180455534E-33;6.40548733293804E-17;1.0461300176901][6.12282415592217E-17;3.71482452465301;0.0305920485853216][...]],0.228636731,16,1763990075,32
"ALPS with NSGA2 {AgeGap=50, NumberOfLayers=10} Run 8",50,[50;100;200;450;800;1250;1800;2450;3200;4050],"ALPS with NSGA2 {AgeGap=50, NumberOfLayers=10}",300000,10:31.1,7015,10,10,6.68E-09,1331,0.43064207,1.057568249,1331,[[1;0;0][6.12290546267812E-17;9.16849014097296E-19;2.33125119204391][3.74915180455534E-33;6.15730992204821E-17;1.00559823208974][...]],0.189166403,5,2117775277,10
"ALPS with NSGA2 {AgeGap=300, NumberOfLayers=10} Run 18",300,[300;600;1200;2700;4800;7500;10800;14700;19200;24300],"ALPS with NSGA2 {AgeGap=300, NumberOfLayers=10}",300000,12:19.4,10982,10,8,1.373694283,1331,0.750518233,0.959945536,1329.626306,[[1;0;0][6.1226783220246E-17;2.6120846718171;0.0280672587409579][3.74915180455534E-33;6.2071688961443E-17;1.01374108941535][...]],0.273789388,5,42205652,10
"ALPS with NSGA2 {AgeGap=150, NumberOfLayers=10} Run 8",150,[150;300;600;1350;2400;3750;5400;7350;9600;12150],"ALPS with NSGA2 {AgeGap=150, NumberOfLayers=10}",300015,11:27.3,9026,10,9,5.845518231,1331,1.059023486,2.369779741,1325.154482,[[1;0;0][6.1230288519821E-17;1.48794043641882E-19;2.48948473769883][6.12303176911158E-17;6.58967298946398;2.0813439426486E-06][...]],0.206859257,5,1643997568,10
"ALPS with NSGA2 {AgeGap=300, NumberOfLayers=3} Run 14",300,[300;600;1200],"ALPS with NSGA2 {AgeGap=300, NumberOfLayers=3}",300000,05:48.7,6542,3,3,0.62993447,1331,0.461872585,1.122725018,1330.370066,[[1;0;0][6.12303176910449E-17;4.4884653782518E-22;4.71634836118085][6.12238776071285E-17;3.47701447490448;0.0504334022297721][...]],0.26234669,16,65857886,32
"ALPS with NSGA2 {AgeGap=5, NumberOfLayers=10} Run 9",5,[5;10;20;45;80;125;180;245;320;405],"ALPS with NSGA2 {AgeGap=5, NumberOfLayers=10}",300030,09:52.5,5983,10,10,0.001994215,1331,0.596535274,1.2082498,1330.998006,[[1;0;0][6.12302135913829E-17;4.93910328983587;0.00910762661708329][6.12303176911168E-17;3.36051579700148E-23;2.11051990648961][...]],0.444346871,5,448087433,10
"ALPS with NSGA2 {AgeGap=50, NumberOfLayers=10} Run 9",50,[50;100;200;450;800;1250;1800;2450;3200;4050],"ALPS with NSGA2 {AgeGap=50, NumberOfLayers=10}",300000,10:29.1,7015,10,10,0.016138238,1331,0.586687249,1.248392429,1330.983862,[[1;0;0][6.12302431561932E-17;1.7700260924522;0.00276179677298235][6.12303176911189E-17;0;1.00738472278763][...]],0.271990552,5,1158163053,10
"ALPS with NSGA2 {AgeGap=300, NumberOfLayers=3} Run 15",300,[300;600;1200],"ALPS with NSGA2 {AgeGap=300, NumberOfLayers=3}",300000,05:48.0,6542,3,3,0.445662897,1331,0.537486358,1.175914976,1330.554337,[[1;0;0][6.12303176911189E-17;1.87037056873026E-41;4.68296967453856][3.74915180455534E-33;6.51969765879154E-17;1.06478259539346][...]],0.327651646,16,606178857,32
"ALPS with NSGA2 {AgeGap=150, NumberOfLayers=10} Run 9",150,[150;300;600;1350;2400;3750;5400;7350;9600;12150],"ALPS with NSGA2 {AgeGap=150, NumberOfLayers=10}",300015,11:23.4,9026,10,9,1.463727039,1331,0.735908352,1.366847475,1329.536273,[[1;0;0][6.12303176911189E-17;1.76907962404253;0][6.1230316067091E-17;2.7142816199116E-20;1.92468614152454][...]],0.401397568,5,24289756,10
"ALPS with NSGA2 {AgeGap=300, NumberOfLayers=10} Run 19",300,[300;600;1200;2700;4800;7500;10800;14700;19200;24300],"ALPS with NSGA2 {AgeGap=300, NumberOfLayers=10}",300000,12:16.1,10982,10,8,1.335737835,1331,0.543510144,0.985395928,1329.664262,[[1;0;0][6.1145631095859E-17;4.97553933113718E-18;1.54555616305225][3.74915180455534E-33;6.19564828136413E-17;1.01185956810131][...]],0.359107141,5,188385535,10
"ALPS with NSGA2 {AgeGap=300, NumberOfLayers=3} Run 16",300,[300;600;1200],"ALPS with NSGA2 {AgeGap=300, NumberOfLayers=3}",300000,05:47.1,6542,3,3,1.378068678,1331,0.571677282,1.313574208,1329.621931,[[1;0;0][6.12303176911189E-17;6.18573646919063;0][6.12303176911182E-17;3.62222750399542E-23;4.08033686373978][...]],0.404491613,16,1155740131,32
"ALPS with NSGA2 {AgeGap=5, NumberOfLayers=10} Run 10",5,[5;10;20;45;80;125;180;245;320;405],"ALPS with NSGA2 {AgeGap=5, NumberOfLayers=10}",300030,09:53.1,5983,10,10,6.92E-05,1331,0.673997477,1.74246291,1330.999931,[[1;0;0][6.12303176911189E-17;3.14827240048915;0][6.12303176911189E-17;0;1.01284808372762][3.74915180455534E-33;6.20170099394834E-17;1.01284808372762][...]],0.296300996,5,2050155048,10
"ALPS with NSGA2 {AgeGap=50, NumberOfLayers=10} Run 10",50,[50;100;200;450;800;1250;1800;2450;3200;4050],"ALPS with NSGA2 {AgeGap=50, NumberOfLayers=10}",300000,10:27.0,7015,10,10,0.007932124,1331,0.586680838,1.134034286,1330.992068,[[6.12303176911061E-17;1.83425403748711E-22;4.6315649139508][1;0;0][6.12303176911189E-17;0;1.00779066785636][...]],0.28138632,5,880409125,10
"ALPS with NSGA2 {AgeGap=300, NumberOfLayers=3} Run 17",300,[300;600;1200],"ALPS with NSGA2 {AgeGap=300, NumberOfLayers=3}",300000,05:49.0,6542,3,3,0.110452233,1331,0.32553415,0.660991874,1330.889548,[[1;0;0][6.12303176907294E-17;3.76118875224849;1.34152908346755E-05][3.74915180455534E-33;6.59996321069793E-17;1.07789138772592][...]],0.155643031,16,553149077,32
"ALPS with NSGA2 {AgeGap=150, NumberOfLayers=10} Run 10",150,[150;300;600;1350;2400;3750;5400;7350;9600;12150],"ALPS with NSGA2 {AgeGap=150, NumberOfLayers=10}",300015,11:22.2,9026,10,9,3.791177103,1331,0.745240445,1.566310481,1327.208823,[[1;0;0][6.06503691141244E-17;6.3602581989084;0.88166477160614][3.74915180455534E-33;6.17742781287868E-17;1.00888384150499][...]],0.462471162,5,1339106085,10
"ALPS with NSGA2 {AgeGap=300, NumberOfLayers=10} Run 20",300,[300;600;1200;2700;4800;7500;10800;14700;19200;24300],"ALPS with NSGA2 {AgeGap=300, NumberOfLayers=10}",300000,12:17.3,10982,10,8,1.257649485,1331,0.573944552,0.924466174,1329.742351,[[1;0;0][5.02059208224281E-17;5.53010394426125E-17;1.57776621707916][3.74915180455534E-33;6.17890874032303E-17;1.00912570329833][...]],0.477744787,5,1626869534,10
"ALPS with NSGA2 {AgeGap=5, NumberOfLayers=10} Run 11",5,[5;10;20;45;80;125;180;245;320;405],"ALPS with NSGA2 {AgeGap=5, NumberOfLayers=10}",300030,09:55.4,5983,10,10,2.42E-05,1331,0.866171157,1.590023041,1330.999976,[[1;0;0][6.12303176911189E-17;5.51658068133504;5.60387270487153E-60][6.12303176911189E-17;0;1.02466016408099][...]],0.621814569,5,1057487183,10
"ALPS with NSGA2 {AgeGap=300, NumberOfLayers=3} Run 18",300,[300;600;1200],"ALPS with NSGA2 {AgeGap=300, NumberOfLayers=3}",300000,05:48.6,6542,3,3,0.657704939,1331,0.398791843,0.883618241,1330.342295,[[1;0;0][3.74915180455534E-33;6.62781063389582E-17;1.08243936726416][6.12303176911188E-17;1.0098548411271E-23;4.79478254433267][...]],0.167119796,16,632783059,32
"ALPS with NSGA2 {AgeGap=150, NumberOfLayers=3} Run 1",150,[150;300;600],"ALPS with NSGA2 {AgeGap=150, NumberOfLayers=3}",300000,05:45.5,6385,3,3,0.5234169,1331,0.497271097,1.027523667,1330.476583,[[1;0;0][3.74915180455534E-33;6.57806521321185E-17;1.07431505523055][6.12303171791237E-17;2.33560533339497E-20;2.94963489958037][...]],0.222067743,16,2128911097,32
"ALPS with NSGA2 {AgeGap=50, NumberOfLayers=10} Run 11",50,[50;100;200;450;800;1250;1800;2450;3200;4050],"ALPS with NSGA2 {AgeGap=50, NumberOfLayers=10}",300000,10:30.8,7015,10,10,3.72E-07,1331,0.698471455,1.333283377,1331,[[1;0;0][6.12303176911189E-17;3.99099266029949;1.13981729392198E-42][6.10893797047016E-17;3.50475288022909E-17;8.44102470000826][...]],0.73298893,5,274912822,10
"ALPS with NSGA2 {AgeGap=300, NumberOfLayers=3} Run 19",300,[300;600;1200],"ALPS with NSGA2 {AgeGap=300, NumberOfLayers=3}",300000,05:49.8,6542,3,3,0.737954377,1331,0.542413921,1.138451583,1330.262046,[[1;0;0][6.12303176911189E-17;0;1.96300846777014][3.74915180455534E-33;6.536235891784E-17;1.06748358301137][...]],0.5388874,16,958118207,32
"ALPS with NSGA2 {AgeGap=150, NumberOfLayers=10} Run 11",150,[150;300;600;1350;2400;3750;5400;7350;9600;12150],"ALPS with NSGA2 {AgeGap=150, NumberOfLayers=10}",300015,11:28.4,9026,10,9,7.77E-06,1331,0.624356627,0.947610276,1330.999992,[[6.12303176911188E-17;4.19583867443876;2.37165018088915E-07][1;0;0][6.12303176911189E-17;0;1.00909806254723][...]],0.399937908,5,1245195467,10
"ALPS with NSGA2 {AgeGap=150, NumberOfLayers=3} Run 2",150,[150;300;600],"ALPS with NSGA2 {AgeGap=150, NumberOfLayers=3}",300000,05:45.7,6385,3,3,0.591883309,1331,0.359296173,0.879420128,1330.408117,[[1;0;0][6.12303176911189E-17;1.769422273959;0][6.12303031340407E-17;1.4973658769041E-19;3.54643983846871][...]],0.156557468,16,1308763819,32
"ALPS with NSGA2 {AgeGap=5, NumberOfLayers=10} Run 12",5,[5;10;20;45;80;125;180;245;320;405],"ALPS with NSGA2 {AgeGap=5, NumberOfLayers=10}",300030,09:54.6,5983,10,10,3.81E-06,1331,0.646972702,1.41843232,1330.999996,[[6.12302936864539E-17;4.23495141179396;0.00374997286928103][1;0;0][3.74915180455534E-33;6.21166443015565E-17;1.01447529008275][...]],0.211350184,5,649016111,10
"ALPS with NSGA2 {AgeGap=300, NumberOfLayers=3} Run 20",300,[300;600;1200],"ALPS with NSGA2 {AgeGap=300, NumberOfLayers=3}",300000,05:49.7,6542,3,3,0.101279423,1331,0.42520895,1.007132794,1330.898721,[[1;0;0][3.74915180455534E-33;6.62754493638035E-17;1.08239597413385][6.12303176911189E-17;0;2.15163386690403][...]],0.129960852,16,1142876147,32
"ALPS with NSGA2 {AgeGap=50, NumberOfLayers=10} Run 12",50,[50;100;200;450;800;1250;1800;2450;3200;4050],"ALPS with NSGA2 {AgeGap=50, NumberOfLayers=10}",300000,10:31.4,7015,10,10,0.188643367,1331,0.588661604,0.738490439,1330.811357,[[1;0;0][6.08770276947065E-17;1.55986703060957E-17;2.37493109553639][6.12303176911189E-17;1.2786129769856;0][...]],0.182451697,5,1357615700,10
"ALPS with NSGA2 {AgeGap=150, NumberOfLayers=3} Run 3",150,[150;300;600],"ALPS with NSGA2 {AgeGap=150, NumberOfLayers=3}",300000,05:44.7,6385,3,3,1.18E-05,1331,0.599140649,1.375883326,1330.999988,[[1;0;0][6.12302496653064E-17;5.45115089418081E-19;5.97245933733555][3.74915180455534E-33;6.44697754926384E-17;1.05290610801435][...]],0.264991551,16,857263781,32
"ALPS with NSGA2 {AgeGap=50, NumberOfLayers=3} Run 1",50,[50;100;200],"ALPS with NSGA2 {AgeGap=50, NumberOfLayers=3}",300032,05:40.0,6258,3,3,0.000374389,1331,0.461593682,1.202768029,1330.999626,[[6.12303176909844E-17;4.26844595374555;8.94679699789121E-06][6.12303176911189E-17;1.41025376649985E-111;5.37541138251365][...]],0.289943622,16,2040202610,32
"ALPS with NSGA2 {AgeGap=150, NumberOfLayers=10} Run 12",150,[150;300;600;1350;2400;3750;5400;7350;9600;12150],"ALPS with NSGA2 {AgeGap=150, NumberOfLayers=10}",300015,11:26.1,9026,10,9,0.000654774,1331,0.563652205,0.85308747,1330.999345,[[1;0;0][6.11970730263383E-17;3.26679155274889E-18;1.61927700310347][6.12303176911189E-17;0;1.0076536102756][...]],0.157285683,5,385214432,10
"ALPS with NSGA2 {AgeGap=5, NumberOfLayers=10} Run 13",5,[5;10;20;45;80;125;180;245;320;405],"ALPS with NSGA2 {AgeGap=5, NumberOfLayers=10}",300030,09:54.3,5983,10,10,7.29E-06,1331,0.75766653,1.730785859,1330.999993,[[6.1230317667872E-17;8.70704045032266E-21;5.16048071188592][1;0;0][3.74915180455534E-33;6.21321680655775E-17;1.01472882076177][...]],0.472655051,5,344346568,10
"ALPS with NSGA2 {AgeGap=150, NumberOfLayers=3} Run 4",150,[150;300;600],"ALPS with NSGA2 {AgeGap=150, NumberOfLayers=3}",300000,05:44.7,6385,3,3,0.510543527,1331,0.592839272,2.147944085,1330.489456,[[1;0;0][3.74915180455534E-33;6.53343151085236E-17;1.06702557772291][6.12303176911189E-17;0;2.74207295842708][...]],0.235936198,16,1927080386,32
"ALPS with NSGA2 {AgeGap=50, NumberOfLayers=3} Run 2",50,[50;100;200],"ALPS with NSGA2 {AgeGap=50, NumberOfLayers=3}",300032,05:41.1,6258,3,3,0.289603013,1331,0.806668885,1.809526331,1330.710397,[[1;0;0][6.12303176911189E-17;2.91389691125311;0][6.12179372743034E-17;6.16378192554171E-18;5.00614392890843][...]],0.783285311,16,1782271758,32
"ALPS with NSGA2 {AgeGap=50, NumberOfLayers=10} Run 13",50,[50;100;200;450;800;1250;1800;2450;3200;4050],"ALPS with NSGA2 {AgeGap=50, NumberOfLayers=10}",300000,10:28.9,7015,10,10,1.325786756,1331,0.933287979,1.728764413,1329.674213,[[1;0;0][6.12303176838111E-17;1.61223871776555E-21;1.70427514991092][6.12303176911189E-17;1.31457916799653;0][...]],0.632231097,5,301115470,10
"ALPS with NSGA2 {AgeGap=150, NumberOfLayers=3} Run 5",150,[150;300;600],"ALPS with NSGA2 {AgeGap=150, NumberOfLayers=3}",300000,05:46.3,6385,3,3,0.033537441,1331,0.626483513,1.304560893,1330.966463,[[1;0;0][6.12303176911189E-17;0;9.90260589377095][6.12303176787604E-17;2.854346170915;5.73483822601273E-05][...]],0.706520239,16,1160918037,32
"ALPS with NSGA2 {AgeGap=50, NumberOfLayers=3} Run 3",50,[50;100;200],"ALPS with NSGA2 {AgeGap=50, NumberOfLayers=3}",300032,05:44.2,6258,3,3,0.02072713,1331,0.486909922,1.087677078,1330.979273,[[6.12303176911189E-17;1.52559408736262;0][3.74915180455534E-33;6.75047660723727E-17;1.1024729026053][...]],0.317489359,16,396478394,32
"ALPS with NSGA2 {AgeGap=5, NumberOfLayers=10} Run 14",5,[5;10;20;45;80;125;180;245;320;405],"ALPS with NSGA2 {AgeGap=5, NumberOfLayers=10}",300030,09:56.8,5983,10,10,9.57E-06,1331,1.260518808,2.207380504,1330.99999,[[1;0;0][6.12303176907761E-17;3.87153703294783E-22;1.88962893578907][6.12100398606438E-17;9.01428430737957;0.232050029358632][...]],0.283686917,5,611715815,10
"ALPS with NSGA2 {AgeGap=150, NumberOfLayers=10} Run 13",150,[150;300;600;1350;2400;3750;5400;7350;9600;12150],"ALPS with NSGA2 {AgeGap=150, NumberOfLayers=10}",300015,11:27.1,9026,10,9,1.929240482,1331,0.70476841,1.269838427,1329.07076,[[1;0;0][6.11745379335499E-17;4.71936327543513E-18;1.80611655941241][6.12303176911189E-17;5.51441448648487;0][...]],0.328795278,5,1885264604,10
"ALPS with NSGA2 {AgeGap=150, NumberOfLayers=3} Run 6",150,[150;300;600],"ALPS with NSGA2 {AgeGap=150, NumberOfLayers=3}",300000,05:47.3,6385,3,3,0.832623011,1331,0.539041908,1.481954353,1330.167377,[[1;0;0][6.12303176807177E-17;4.16191722476354E-21;3.68768759135055][6.12303147997981E-17;5.13962606012092;0.00157947012243879][...]],0.214002337,16,1568161485,32
"ALPS with NSGA2 {AgeGap=50, NumberOfLayers=3} Run 4",50,[50;100;200],"ALPS with NSGA2 {AgeGap=50, NumberOfLayers=3}",300032,05:41.8,6258,3,3,0.00099547,1331,0.599207891,1.610524227,1330.999005,[[6.12303176911189E-17;5.5002301630227;0][6.12303176911018E-17;2.37774091155732E-22;5.20809963895432][...]],0.217416725,16,717144052,32
"ALPS with NSGA2 {AgeGap=50, NumberOfLayers=10} Run 14",50,[50;100;200;450;800;1250;1800;2450;3200;4050],"ALPS with NSGA2 {AgeGap=50, NumberOfLayers=10}",300000,10:32.1,7015,10,10,9.17E-07,1331,0.67421584,1.581141868,1330.999999,[[6.0393644514421E-17;2.81662560432392;0.470462900004732][1;0;0][6.12303165875512E-17;5.00633845293079E-20;4.30648038865123][...]],0.177438937,5,522890190,10
"ALPS with NSGA2 {AgeGap=150, NumberOfLayers=3} Run 7",150,[150;300;600],"ALPS with NSGA2 {AgeGap=150, NumberOfLayers=3}",300000,05:44.6,6385,3,3,0.452833291,1331,0.500482905,1.087543251,1330.547167,[[1;0;0][3.74915180455534E-33;6.45909221548859E-17;1.05488464849586][6.12303176911145E-17;7.78398965175747E-23;3.34631732182626][...]],1.035650326,16,2002178659,32
"ALPS with NSGA2 {AgeGap=5, NumberOfLayers=10} Run 15",5,[5;10;20;45;80;125;180;245;320;405],"ALPS with NSGA2 {AgeGap=5, NumberOfLayers=10}",300030,09:52.2,5983,10,10,1.58E-10,1331,0.701798488,1.630177719,1331,[[1;0;0][6.12303176911189E-17;3.59104224888539;0][6.12280937420924E-17;2.55901619257387E-18;4.90361436760499][...]],0.240983452,5,938517058,10
"ALPS with NSGA2 {AgeGap=50, NumberOfLayers=3} Run 5",50,[50;100;200],"ALPS with NSGA2 {AgeGap=50, NumberOfLayers=3}",300032,05:41.2,6258,3,3,9.91E-08,1331,0.57741506,0.950409019,1331,[[1;0;0][6.12290402468293E-17;2.33330224015426E-18;5.89934811627543][6.12303176911189E-17;3.02099920017286;0][...]],0.48391775,16,2051319751,32
"ALPS with NSGA2 {AgeGap=150, NumberOfLayers=10} Run 14",150,[150;300;600;1350;2400;3750;5400;7350;9600;12150],"ALPS with NSGA2 {AgeGap=150, NumberOfLayers=10}",300015,11:26.3,9026,10,9,1.25207951,1331,0.751748577,1.565756358,1329.74792,[[6.12303176911189E-17;4.2207430914458;4.88716708647853E-08][1;0;0][6.12303176904812E-17;3.82144362516548E-22;1.36754954728959][...]],0.169210792,5,1244832334,10
"ALPS with NSGA2 {AgeGap=150, NumberOfLayers=3} Run 8",150,[150;300;600],"ALPS with NSGA2 {AgeGap=150, NumberOfLayers=3}",300000,05:45.8,6385,3,3,0.44465182,1331,0.620863091,1.53087873,1330.555348,[[1;0;0][3.74915180455534E-33;6.43515717560946E-17;1.05097563074425][6.11160292196172E-17;4.17050399596046;0.25517030178964][...]],0.338805152,16,1488538413,32
"ALPS with NSGA2 {AgeGap=50, NumberOfLayers=10} Run 15",50,[50;100;200;450;800;1250;1800;2450;3200;4050],"ALPS with NSGA2 {AgeGap=50, NumberOfLayers=10}",300000,10:29.5,7015,10,10,0.278836964,1331,0.425400341,0.639463649,1330.721163,[[1;0;0][6.12302521593552E-17;2.18117476183831E-19;2.43481740577085][6.12303176911189E-17;1.11500147514077;0][...]],0.199889126,5,2145500101,10
"ALPS with NSGA2 {AgeGap=50, NumberOfLayers=3} Run 6",50,[50;100;200],"ALPS with NSGA2 {AgeGap=50, NumberOfLayers=3}",300032,05:40.8,6258,3,3,0.011343745,1331,0.415176486,1.367276508,1330.988656,[[3.74915180455534E-33;6.51632687463845E-17;1.06423208638416][6.12303176911189E-17;3.64393610112668;2.10506477632487E-116][...]],0.208856687,16,730781401,32
"ALPS with NSGA2 {AgeGap=150, NumberOfLayers=3} Run 9",150,[150;300;600],"ALPS with NSGA2 {AgeGap=150, NumberOfLayers=3}",300000,05:45.9,6385,3,3,0.191341821,1331,0.359567497,0.729267003,1330.808658,[[1;0;0][6.12303176911189E-17;1.81033423162809;0][5.42765763882234E-17;6.10912672734739E-17;2.15558878939705][...]],0.571534398,16,1598328432,32
"ALPS with NSGA2 {AgeGap=5, NumberOfLayers=10} Run 16",5,[5;10;20;45;80;125;180;245;320;405],"ALPS with NSGA2 {AgeGap=5, NumberOfLayers=10}",300030,09:53.0,5983,10,10,1.99E-08,1331,0.698527893,1.374487365,1331,[[6.12303176851841E-17;2.86231797842625;3.9852267899667E-05][1;0;0][6.12303172936946E-17;2.15307711965415E-20;3.08627151827512][...]],0.826717881,5,2088941380,10
"ALPS with NSGA2 {AgeGap=50, NumberOfLayers=3} Run 7",50,[50;100;200],"ALPS with NSGA2 {AgeGap=50, NumberOfLayers=3}",300032,05:42.4,6258,3,3,1.34E-05,1331,0.529016778,1.565714787,1330.999987,[[0.220574719729166;0;1.84138330884898][3.74915180455534E-33;6.50898957328704E-17;1.06303377456282][6.12221979972494E-17;5.35806555241217;0.0872675510601741][...]],0.28923553,16,887004933,32
"ALPS with NSGA2 {AgeGap=150, NumberOfLayers=10} Run 15",150,[150;300;600;1350;2400;3750;5400;7350;9600;12150],"ALPS with NSGA2 {AgeGap=150, NumberOfLayers=10}",300015,11:28.1,9026,10,9,0.000950432,1331,0.725388478,1.19856497,1330.99905,[[1;0;0][6.12303004261994E-17;4.37315279508247;0.00328404246066331][6.1230317112822E-17;1.26791599487983E-20;1.50666543219308][...]],0.256252582,5,641348709,10
"ALPS with NSGA2 {AgeGap=150, NumberOfLayers=3} Run 10",150,[150;300;600],"ALPS with NSGA2 {AgeGap=150, NumberOfLayers=3}",300000,05:45.6,6385,3,3,0.817918169,1331,0.336083754,0.982557857,1330.182082,[[1;0;0][6.12303176911189E-17;0;1.83785878080935][3.74915180455534E-33;6.47015843684276E-17;1.05669195928102][...]],0.180768594,16,1784362466,32
"ALPS with NSGA2 {AgeGap=50, NumberOfLayers=10} Run 16",50,[50;100;200;450;800;1250;1800;2450;3200;4050],"ALPS with NSGA2 {AgeGap=50, NumberOfLayers=10}",300000,10:31.3,7015,10,10,1.85277183,1331,0.744414849,1.357683772,1329.147228,[[1;0;0][6.12303176911189E-17;1.84037126689379;0][6.12303176911165E-17;2.16238390537596E-23;1.27942759575335][...]],0.662951909,5,1346086418,10
"ALPS with NSGA2 {AgeGap=50, NumberOfLayers=3} Run 8",50,[50;100;200],"ALPS with NSGA2 {AgeGap=50, NumberOfLayers=3}",300032,05:41.5,6258,3,3,0.051961475,1331,0.474335858,0.844229404,1330.948039,[[1;0;0][3.74915180455534E-33;6.65245504806296E-17;1.08646423845484][6.12303176911189E-17;0;2.40214827004046][...]],0.164618652,16,60778202,32
"ALPS with NSGA2 {AgeGap=5, NumberOfLayers=10} Run 17",5,[5;10;20;45;80;125;180;245;320;405],"ALPS with NSGA2 {AgeGap=5, NumberOfLayers=10}",300030,09:55.6,5983,10,10,6.37E-12,1331,0.527639388,0.789128564,1331,[[1;0;0][6.12303176911189E-17;0;1.01576273770699][3.74915180455534E-33;6.22022993237434E-17;1.01587418895208][...]],0.276227214,5,394687120,10
"ALPS with NSGA2 {AgeGap=150, NumberOfLayers=3} Run 11",150,[150;300;600],"ALPS with NSGA2 {AgeGap=150, NumberOfLayers=3}",300000,05:43.6,6385,3,3,0.18912309,1331,0.454526292,1.030146282,1330.810877,[[1;0;0][3.74915180455534E-33;6.547717820135E-17;1.06935878614341][6.12303176911188E-17;3.42779687263944;1.99270464541108E-07][...]],0.2142267,16,1159657070,32
"ALPS with NSGA2 {AgeGap=50, NumberOfLayers=3} Run 9",50,[50;100;200],"ALPS with NSGA2 {AgeGap=50, NumberOfLayers=3}",300032,05:38.7,6258,3,3,0.057871395,1331,0.635394102,1.683825402,1330.942129,[[1;0;0][6.12303176911189E-17;6.27344524776934;0][3.74915180455534E-33;6.40350688787648E-17;1.04580657578481][...]],0.19508464,16,406374375,32
"ALPS with NSGA2 {AgeGap=150, NumberOfLayers=10} Run 16",150,[150;300;600;1350;2400;3750;5400;7350;9600;12150],"ALPS with NSGA2 {AgeGap=150, NumberOfLayers=10}",300015,11:22.5,9026,10,9,0.001278259,1331,0.665861219,1.244180051,1330.998722,[[1;0;0][6.12303176911189E-17;5.88539122396797;0][6.12303176911188E-17;6.66528552411585E-24;3.93839855657396][...]],0.275303862,5,111330340,10
"ALPS with NSGA2 {AgeGap=150, NumberOfLayers=3} Run 12",150,[150;300;600],"ALPS with NSGA2 {AgeGap=150, NumberOfLayers=3}",300000,05:44.9,6385,3,3,0.307873224,1331,0.428649676,1.509589257,1330.692127,[[1;0;0][6.12303176911188E-17;6.60027565039575E-24;3.07299183378111][3.74915180455534E-33;6.66495757071852E-17;1.08850612279042][...]],0.225015071,16,1828127101,32
"ALPS with NSGA2 {AgeGap=50, NumberOfLayers=10} Run 17",50,[50;100;200;450;800;1250;1800;2450;3200;4050],"ALPS with NSGA2 {AgeGap=50, NumberOfLayers=10}",300000,10:28.3,7015,10,10,3.62E-05,1331,0.439596071,0.824317,1330.999964,[[1;0;0][6.12301688749441E-17;3.70874059327845;0.0081768128811196][6.12303176910511E-17;1.33486583497978E-22;1.46574238654791][...]],0.236880557,5,335233749,10
"ALPS with NSGA2 {AgeGap=50, NumberOfLayers=3} Run 10",50,[50;100;200],"ALPS with NSGA2 {AgeGap=50, NumberOfLayers=3}",300032,05:39.6,6258,3,3,8.02E-06,1331,0.500098995,1.217106003,1330.999992,[[6.12303139333048E-17;1.07518518043836E-19;5.01207291922014][3.74915180455534E-33;6.51154091484927E-17;1.06345045402136][...]],0.213543007,16,300899272,32
"ALPS with NSGA2 {AgeGap=5, NumberOfLayers=10} Run 18",5,[5;10;20;45;80;125;180;245;320;405],"ALPS with NSGA2 {AgeGap=5, NumberOfLayers=10}",300030,09:52.1,5983,10,10,5.91E-12,1331,0.840131306,2.118906538,1331,[[6.1226177696961E-17;5.66600730764106;0.0658917071963155][6.12302981579357E-17;2.89043919840873E-19;5.90988604842908][...]],0.388033936,5,1452694933,10
"ALPS with NSGA2 {AgeGap=150, NumberOfLayers=3} Run 13",150,[150;300;600],"ALPS with NSGA2 {AgeGap=150, NumberOfLayers=3}",300000,05:43.5,6385,3,3,0.578018444,1331,0.425669633,1.166794047,1330.421982,[[1;0;0][6.12079185863613E-17;4.45919787966246;0.12064879717213][6.12303176556084E-17;5.27446131064016E-21;2.52930688753495][...]],0.184466179,16,131570793,32
"ALPS with NSGA2 {AgeGap=50, NumberOfLayers=3} Run 11",50,[50;100;200],"ALPS with NSGA2 {AgeGap=50, NumberOfLayers=3}",300032,05:39.9,6258,3,3,8.55E-05,1331,0.441758094,1.055932006,1330.999914,[[6.12303176911189E-17;0;3.96728950430546][3.74915180455534E-33;6.55322307280707E-17;1.07025789182825][...]],0.190622766,16,123074662,32
"ALPS with NSGA2 {AgeGap=150, NumberOfLayers=10} Run 17",150,[150;300;600;1350;2400;3750;5400;7350;9600;12150],"ALPS with NSGA2 {AgeGap=150, NumberOfLayers=10}",300015,11:23.5,9026,10,9,0.000391135,1331,0.641110762,1.287696841,1330.999609,[[1;0;0][6.12303176637867E-17;3.52089504425813;0.000105201399692603][6.12303176902559E-17;4.25193390086077E-22;1.30794689267755][...]],0.349795575,5,1991522614,10
"ALPS with NSGA2 {AgeGap=50, NumberOfLayers=10} Run 18",50,[50;100;200;450;800;1250;1800;2450;3200;4050],"ALPS with NSGA2 {AgeGap=50, NumberOfLayers=10}",300000,10:29.2,7015,10,10,0.000684736,1331,0.720503234,1.552022276,1330.999315,[[1;0;0][6.12303176911189E-17;0;1.00764562274995][6.12303176911189E-17;1.33584053577153;0][3.74915180455534E-33;6.17046784846075E-17;1.00774715551668][...]],0.445295061,5,305063387,10
"ALPS with NSGA2 {AgeGap=150, NumberOfLayers=3} Run 14",150,[150;300;600],"ALPS with NSGA2 {AgeGap=150, NumberOfLayers=3}",300000,05:44.0,6385,3,3,0.049939855,1331,0.636618149,1.66877416,1330.95006,[[1;0;0][6.12303176911189E-17;0;3.18754764118945][6.12303176911189E-17;3.42382632487158;0][3.74915180455534E-33;6.36777594019552E-17;1.039971076472][...]],0.680814348,16,1417959174,32
"ALPS with NSGA2 {AgeGap=5, NumberOfLayers=10} Run 19",5,[5;10;20;45;80;125;180;245;320;405],"ALPS with NSGA2 {AgeGap=5, NumberOfLayers=10}",300030,09:52.7,5983,10,10,3.32E-08,1331,0.737927261,1.273676433,1331,[[1;0;0][6.12303176911189E-17;6.84702601809808;0][3.74915180455534E-33;6.21665741544469E-17;1.01529073339209][...]],0.375714181,5,1245621014,10
"ALPS with NSGA2 {AgeGap=50, NumberOfLayers=3} Run 12",50,[50;100;200],"ALPS with NSGA2 {AgeGap=50, NumberOfLayers=3}",300032,05:37.2,6258,3,3,0.0001865,1331,0.509909737,1.067265494,1330.999813,[[1;0;0][6.08291504428601E-17;5.86962050761744;0.675222248437854][3.74915180455534E-33;6.41464988349646E-17;1.04762642517317][...]],0.323334106,16,727390270,32
"ALPS with NSGA2 {AgeGap=150, NumberOfLayers=3} Run 15",150,[150;300;600],"ALPS with NSGA2 {AgeGap=150, NumberOfLayers=3}",300000,05:44.7,6385,3,3,0.517121688,1331,0.440152044,0.944610577,1330.482878,[[6.12303176911061E-17;3.9695266498096;2.56027898585224E-06][6.12303176911189E-17;0;2.37050152529813][...]],0.418667034,16,534596993,32
"ALPS with NSGA2 {AgeGap=50, NumberOfLayers=3} Run 13",50,[50;100;200],"ALPS with NSGA2 {AgeGap=50, NumberOfLayers=3}",300032,05:40.6,6258,3,3,0.387794224,1331,0.541705362,1.396595024,1330.612206,[[6.10236862813658E-17;2.74672443021274E-17;5.46493970939751][6.12303176911189E-17;4.15974752751193;1.33650705408445E-16][...]],0.336011059,16,2063122654,32
"ALPS with NSGA2 {AgeGap=50, NumberOfLayers=10} Run 19",50,[50;100;200;450;800;1250;1800;2450;3200;4050],"ALPS with NSGA2 {AgeGap=50, NumberOfLayers=10}",300000,10:29.1,7015,10,10,0.307735513,1331,0.700986886,1.370282165,1330.692264,[[1;0;0][6.12293899754856E-17;4.88446257298754;0.0268881486420954][6.12303176349633E-17;4.76139595743205E-21;1.81568075265376][...]],0.229499476,5,156670683,10
"ALPS with NSGA2 {AgeGap=150, NumberOfLayers=10} Run 18",150,[150;300;600;1350;2400;3750;5400;7350;9600;12150],"ALPS with NSGA2 {AgeGap=150, NumberOfLayers=10}",300015,11:26.0,9026,10,9,4.94E-06,1331,0.61341423,0.876187976,1330.999995,[[1;0;0][6.12303176908176E-17;3.42769927802659;1.07527897756368E-05][6.03974120137636E-17;2.30753449684173E-17;2.29263010516912][...]],0.443925921,5,465951497,10
"ALPS with NSGA2 {AgeGap=5, NumberOfLayers=10} Run 20",5,[5;10;20;45;80;125;180;245;320;405],"ALPS with NSGA2 {AgeGap=5, NumberOfLayers=10}",300030,09:55.4,5983,10,10,1.46E-08,1331,0.542553016,0.714364269,1331,[[1;0;0][6.12298888966396E-17;6.99581285958594E-19;3.05292473084665][6.12303176911189E-17;2.06328795582276;0][...]],0.464816683,5,854234984,10
"ALPS with NSGA2 {AgeGap=150, NumberOfLayers=3} Run 16",150,[150;300;600],"ALPS with NSGA2 {AgeGap=150, NumberOfLayers=3}",300000,05:47.3,6385,3,3,0.474278251,1331,0.27677653,0.660848261,1330.525722,[[1;0;0][6.12303176911189E-17;0;2.51332757257721][3.74915180455534E-33;6.53771524429965E-17;1.06772518759084][...]],0.13632824,16,306678409,32
"ALPS with NSGA2 {AgeGap=50, NumberOfLayers=3} Run 14",50,[50;100;200],"ALPS with NSGA2 {AgeGap=50, NumberOfLayers=3}",300032,05:44.0,6258,3,3,0.000493865,1331,0.764603321,2.180631877,1330.999506,[[6.12303176891163E-17;10.4740772795953;8.47111552405004E-05][6.09071038314343E-17;3.07493703534102E-17;4.89403269019803][...]],0.592816057,16,884078763,32
"ALPS with NSGA2 {AgeGap=5, NumberOfLayers=3} Run 1",5,[5;10;20],"ALPS with NSGA2 {AgeGap=5, NumberOfLayers=3}",300032,05:21.9,5864,3,3,9.32E-11,1331,0.784694167,1.454761652,1331,[[1;0;0][3.74915180455534E-33;6.49015745276178E-17;1.05995815430877][6.12303176911189E-17;0;10.1423463750417][...]],1.074756678,16,1310747365,32
"ALPS with NSGA2 {AgeGap=150, NumberOfLayers=3} Run 17",150,[150;300;600],"ALPS with NSGA2 {AgeGap=150, NumberOfLayers=3}",300000,05:45.5,6385,3,3,0.765034162,1331,0.666970362,2.00014348,1330.234966,[[1;0;0][3.74915180455534E-33;6.49332212397997E-17;1.0604750014096][6.12303176911189E-17;2.88314310117063E-88;4.36043505801595][...]],0.295365563,16,2016560934,32
"ALPS with NSGA2 {AgeGap=50, NumberOfLayers=3} Run 15",50,[50;100;200],"ALPS with NSGA2 {AgeGap=50, NumberOfLayers=3}",300032,05:40.9,6258,3,3,7.84E-06,1331,0.516457318,1.661562389,1330.999992,[[6.12303039267093E-17;1.76184542538763E-19;4.29131881166399][3.74915180455534E-33;6.41291437249892E-17;1.04734298535725][...]],0.338038044,16,1201418414,32
"ALPS with NSGA2 {AgeGap=50, NumberOfLayers=10} Run 20",50,[50;100;200;450;800;1250;1800;2450;3200;4050],"ALPS with NSGA2 {AgeGap=50, NumberOfLayers=10}",300000,10:35.4,7015,10,10,5.01E-06,1331,0.631408121,1.341831154,1330.999995,[[1;0;0][6.12303176911189E-17;5.08375961641591;0][6.04093790336521E-17;1.54970552560772E-17;1.55080132651532][...]],0.304610952,5,794321099,10
"ALPS with NSGA2 {AgeGap=150, NumberOfLayers=10} Run 19",150,[150;300;600;1350;2400;3750;5400;7350;9600;12150],"ALPS with NSGA2 {AgeGap=150, NumberOfLayers=10}",300015,11:23.5,9026,10,9,0.034555643,1331,0.574126741,1.174741263,1330.965444,[[1;0;0][6.12303176680633E-17;5.00126231358398E-21;2.97641688344544][3.74915180455534E-33;6.17884198404697E-17;1.00911480081103][...]],0.174853321,5,1054282103,10
"ALPS with NSGA2 {AgeGap=5, NumberOfLayers=3} Run 2",5,[5;10;20],"ALPS with NSGA2 {AgeGap=5, NumberOfLayers=3}",300032,05:10.0,5864,3,3,6.11E-06,1331,0.655319873,1.217441917,1330.999994,[[1;0;0][6.12303176910873E-17;4.47311296379038;4.5394498801225E-06][3.74915180455534E-33;6.47932459846505E-17;1.05818895651506][...]],0.222175795,16,1801916678,32
"ALPS with NSGA2 {AgeGap=150, NumberOfLayers=3} Run 18",150,[150;300;600],"ALPS with NSGA2 {AgeGap=150, NumberOfLayers=3}",300000,05:28.0,6385,3,3,0.053689954,1331,0.535965771,1.467677754,1330.94631,[[1;0;0][6.12303052711496E-17;1.80324620184345E-19;4.6237733129699][6.0737896023329E-17;4.48616771265077;0.572410604190566][...]],0.260046828,16,215915072,32
"ALPS with NSGA2 {AgeGap=50, NumberOfLayers=3} Run 16",50,[50;100;200],"ALPS with NSGA2 {AgeGap=50, NumberOfLayers=3}",300032,05:11.1,6258,3,3,0.521201125,1331,0.805910505,2.13003104,1330.478799,[[3.74915180455534E-33;6.40671525913697E-17;1.04633055987985][6.12303175662394E-17;10.3302339673146;0.000659762088965188][...]],0.389777925,16,893501783,32
"ALPS with NSGA2 {AgeGap=5, NumberOfLayers=3} Run 3",5,[5;10;20],"ALPS with NSGA2 {AgeGap=5, NumberOfLayers=3}",300032,04:47.7,5864,3,3,6.88E-10,1331,0.613771495,0.960831649,1331,[[1;0;0][6.12303176911189E-17;0;3.60907927574803][3.74915180455534E-33;6.41135078620633E-17;1.04708762390372][...]],0.594618991,16,1561594184,32
"ALPS with NSGA2 {AgeGap=150, NumberOfLayers=3} Run 19",150,[150;300;600],"ALPS with NSGA2 {AgeGap=150, NumberOfLayers=3}",300000,05:10.1,6385,3,3,0.5319485,1331,0.718455683,1.850090823,1330.468051,[[1;0;0][6.12303176911189E-17;0;2.46226100253928][3.74915180455534E-33;6.45690945976893E-17;1.05452816566155][...]],0.322654752,16,142717920,32
"ALPS with NSGA2 {AgeGap=50, NumberOfLayers=3} Run 17",50,[50;100;200],"ALPS with NSGA2 {AgeGap=50, NumberOfLayers=3}",300032,05:05.3,6258,3,3,9.74E-09,1331,0.445442738,1.057162486,1331,[[6.01935152252292E-17;5.13943173826882E-17;4.58052357276473][6.12303176911189E-17;4.23803291365842;5.63263575374436E-23][...]],0.321690513,16,1387584638,32
"ALPS with NSGA2 {AgeGap=150, NumberOfLayers=10} Run 20",150,[150;300;600;1350;2400;3750;5400;7350;9600;12150],"ALPS with NSGA2 {AgeGap=150, NumberOfLayers=10}",300015,10:15.4,9026,10,9,1.916003951,1331,1.112046921,2.025454439,1329.083996,[[1;0;0][6.12303176911182E-17;9.99642516080003;1.5082292064265E-06][6.12299556180184E-17;2.37818674582724E-19;1.12940631497822][...]],0.318360451,5,694116192,10
"ALPS with NSGA2 {AgeGap=5, NumberOfLayers=3} Run 4",5,[5;10;20],"ALPS with NSGA2 {AgeGap=5, NumberOfLayers=3}",300032,04:46.0,5864,3,3,2.09E-08,1331,0.381114634,0.579841661,1331,[[6.12303176911189E-17;3.82537773880431;6.09023647904973E-136][6.12302190831423E-17;3.44231205988983E-19;3.13253646603005][...]],0.207657475,16,1824486402,32
"ALPS with NSGA2 {AgeGap=150, NumberOfLayers=3} Run 20",150,[150;300;600],"ALPS with NSGA2 {AgeGap=150, NumberOfLayers=3}",300000,05:00.5,6385,3,3,0.925212575,1331,0.619942718,1.667979273,1330.074787,[[1;0;0][6.1230314858956E-17;7.83051062580068;0.00238166650869639][6.12303176911189E-17;0;2.73562077479095][...]],0.331955407,16,500385475,32
"ALPS with NSGA2 {AgeGap=50, NumberOfLayers=3} Run 18",50,[50;100;200],"ALPS with NSGA2 {AgeGap=50, NumberOfLayers=3}",300032,04:40.5,6258,3,3,4.95E-05,1331,0.67785981,1.46579734,1330.99995,[[6.12210657788266E-17;5.36374900317889;0.0932535046899433][6.12303176221824E-17;2.41486122351542E-20;8.31131165840242][...]],0.396947281,16,1260967,32
"ALPS with NSGA2 {AgeGap=5, NumberOfLayers=3} Run 5",5,[5;10;20],"ALPS with NSGA2 {AgeGap=5, NumberOfLayers=3}",300032,04:07.1,5864,3,3,6.29E-06,1331,0.677735464,1.071304969,1330.999994,[[6.12303176911189E-17;4.58127048839289;4.0993402419456E-50][6.12302941455112E-17;4.26009526438751E-19;7.93352411970356][...]],0.544502873,16,61244645,32
"ALPS with NSGA2 {AgeGap=50, NumberOfLayers=3} Run 19",50,[50;100;200],"ALPS with NSGA2 {AgeGap=50, NumberOfLayers=3}",300032,04:12.0,6258,3,3,0.090673732,1331,0.601356994,1.57326597,1330.909326,[[6.11893413594927E-17;4.59633856656066;0.168239649012632][1;0;0][6.12303176911188E-17;1.3446327880246E-23;7.31029198255183][...]],0.318910482,16,116515815,32
"ALPS with NSGA2 {AgeGap=5, NumberOfLayers=3} Run 6",5,[5;10;20],"ALPS with NSGA2 {AgeGap=5, NumberOfLayers=3}",300032,03:55.8,5864,3,3,2.27E-13,1331,0.692647862,1.096998073,1331,[[6.12303176908986E-17;8.83194454919546E-22;5.37817132588207][6.12242437154744E-17;5.3621916021888;0.0755340733530136][...]],0.592471916,16,115466552,32
"ALPS with NSGA2 {AgeGap=50, NumberOfLayers=3} Run 20",50,[50;100;200],"ALPS with NSGA2 {AgeGap=50, NumberOfLayers=3}",300032,04:10.6,6258,3,3,0.000686759,1331,0.578299903,1.545993729,1330.999313,[[3.74915180455534E-33;6.53853938045283E-17;1.0678597836838][6.12303176911189E-17;5.32531097289485;0][...]],0.195106392,16,1036500598,32
"ALPS with NSGA2 {AgeGap=5, NumberOfLayers=3} Run 7",5,[5;10;20],"ALPS with NSGA2 {AgeGap=5, NumberOfLayers=3}",300032,03:52.5,5864,3,3,4.88E-10,1331,0.650387415,1.219886931,1331,[[1;0;0][6.12303176911189E-17;5.0934880880409;0][3.74915180455534E-33;6.50167270119241E-17;1.06183879920248][...]],0.450390156,16,637617786,32
"ALPS with NSGA2 {AgeGap=5, NumberOfLayers=3} Run 8",5,[5;10;20],"ALPS with NSGA2 {AgeGap=5, NumberOfLayers=3}",300032,03:37.9,5864,3,3,7.66E-11,1331,0.777380506,1.244114405,1331,[[6.12020738791087E-17;8.11555036333849E-18;4.36423526866252][6.12303176911189E-17;5.067546171363;7.16295893061373E-08][...]],0.292423183,16,1400793367,32
"ALPS with NSGA2 {AgeGap=5, NumberOfLayers=3} Run 9",5,[5;10;20],"ALPS with NSGA2 {AgeGap=5, NumberOfLayers=3}",300032,03:36.4,5864,3,3,0.000262477,1331,0.7732555,1.603528574,1330.999738,[[6.11995318482057E-17;1.12008839669127E-17;5.76943275548427][3.74915180455534E-33;6.40488784566159E-17;1.0460321107546][...]],0.585126982,16,1870607866,32
"ALPS with NSGA2 {AgeGap=5, NumberOfLayers=3} Run 10",5,[5;10;20],"ALPS with NSGA2 {AgeGap=5, NumberOfLayers=3}",300032,03:38.9,5864,3,3,0.007756278,1331,0.803140891,1.660803622,1330.992244,[[6.12303176911189E-17;10.6658133362159;0][6.11886889338225E-17;1.12993940614844E-17;5.00534487075396][...]],0.30462059,16,1746256364,32
"ALPS with NSGA2 {AgeGap=5, NumberOfLayers=3} Run 11",5,[5;10;20],"ALPS with NSGA2 {AgeGap=5, NumberOfLayers=3}",300032,03:37.2,5864,3,3,0.001622948,1331,0.635716284,1.951118996,1330.998377,[[1;0;0][6.12303173431904E-17;4.27044060753526E-20;6.5422845017355][6.12303176911188E-17;6.2325557034524;3.15247633930792E-07][...]],0.256762031,16,2022425439,32
"ALPS with NSGA2 {AgeGap=5, NumberOfLayers=3} Run 12",5,[5;10;20],"ALPS with NSGA2 {AgeGap=5, NumberOfLayers=3}",300032,03:37.3,5864,3,3,9.78E-05,1331,0.716678471,0.985349046,1330.999902,[[6.12303176911189E-17;0;2.36718255579385][3.74915180455534E-33;6.39638776985291E-17;1.04464389718178][...]],0.397995048,16,242917399,32
"ALPS with NSGA2 {AgeGap=5, NumberOfLayers=3} Run 13",5,[5;10;20],"ALPS with NSGA2 {AgeGap=5, NumberOfLayers=3}",300032,03:36.3,5864,3,3,1.19E-10,1331,0.483966613,0.944850509,1331,[[1;0;0][3.74915180455534E-33;6.448616301518E-17;1.05317374540641][6.12303176911189E-17;0;3.8664875563999][...]],0.225466784,16,670982206,32
"ALPS with NSGA2 {AgeGap=5, NumberOfLayers=3} Run 14",5,[5;10;20],"ALPS with NSGA2 {AgeGap=5, NumberOfLayers=3}",300032,03:38.8,5864,3,3,7.32E-08,1331,0.425123699,0.572401093,1331,[[6.12303176909424E-17;4.16011076503562E-22;2.82996866512978][1;0;0][6.12303176911189E-17;3.16770843365862;0][...]],0.237177711,16,3391131,32
"ALPS with NSGA2 {AgeGap=5, NumberOfLayers=3} Run 15",5,[5;10;20],"ALPS with NSGA2 {AgeGap=5, NumberOfLayers=3}",300032,03:39.5,5864,3,3,2.27E-13,1331,0.878771592,1.980272444,1331,[[6.12303150596606E-17;1.26803581558696E-19;7.06374529874307][6.12303176911189E-17;8.31314703600345;0][...]],0.390588572,16,175397212,32
"ALPS with NSGA2 {AgeGap=5, NumberOfLayers=3} Run 16",5,[5;10;20],"ALPS with NSGA2 {AgeGap=5, NumberOfLayers=3}",300032,03:38.7,5864,3,3,2.27E-13,1331,0.857667203,1.48124016,1331,[[6.12303176911189E-17;7.53502989552469;1.02247901351943E-116][6.12237430043138E-17;4.75097423476801E-18;5.29490953936865][...]],0.910148561,16,1441657749,32
"ALPS with NSGA2 {AgeGap=5, NumberOfLayers=3} Run 17",5,[5;10;20],"ALPS with NSGA2 {AgeGap=5, NumberOfLayers=3}",300032,03:38.4,5864,3,3,6.94E-07,1331,0.40257311,0.565736466,1330.999999,[[1;0;0][3.74915180455534E-33;6.39852608684546E-17;1.04499312238152][6.12303176911189E-17;3.74425296371446;0][...]],0.259153048,16,811489425,32
"ALPS with NSGA2 {AgeGap=5, NumberOfLayers=3} Run 18",5,[5;10;20],"ALPS with NSGA2 {AgeGap=5, NumberOfLayers=3}",300032,03:38.6,5864,3,3,0.000104731,1331,0.534863017,1.25432289,1330.999895,[[6.12303176911189E-17;0;4.4062477771926][6.1229480894585E-17;4.1499312242182;0.0216963675036487][1;0;0][...]],0.28644594,16,32769949,32
"ALPS with NSGA2 {AgeGap=5, NumberOfLayers=3} Run 19",5,[5;10;20],"ALPS with NSGA2 {AgeGap=5, NumberOfLayers=3}",300032,03:38.6,5864,3,3,3.41E-12,1331,0.656298468,1.53315029,1331,[[6.1230288274668E-17;4.03561939911517E-19;6.72383213760686][6.12303170398555E-17;6.5907339247051;0.000961266611412944][...]],0.390815024,16,1868723459,32
"ALPS with NSGA2 {AgeGap=5, NumberOfLayers=3} Run 20",5,[5;10;20],"ALPS with NSGA2 {AgeGap=5, NumberOfLayers=3}",300032,03:38.6,5864,3,3,0.00029545,1331,0.757807078,1.533594207,1330.999705,[[6.12303176907675E-17;1.29403061909311E-21;6.23858453258753][3.74915180455534E-33;6.31686376286054E-17;1.03165621232385][...]],0.515207478,16,88008711,32
