,AgeGap,AgeLimits,Algorithm Name,EvaluatedSolutions,Execution Time,Generations,NumberOfLayers,OpenLayers,ParetoFrontResults.Absolute Distance to BestKnownHypervolume,ParetoFrontResults.Crowding,ParetoFrontResults.Generational Distance,ParetoFrontResults.Hypervolume,ParetoFrontResults.Pareto Front,ParetoFrontResults.Spacing,PopulationSize,Seed,SelectedParents
"ALPS with NSGA2 {AgeGap=5, NumberOfLayers=3} Run 1",5,[5;10;20],"ALPS with NSGA2 {AgeGap=5, NumberOfLayers=3}",300032,00:39.1,5864,3,3,7.163217917,0.048715551,0.34150859,113.5034487,[[0;1][1;0.670415773975778][0.791279410271186;0.706822001528699][0.303773134191271;0.81834763896988][0.428084096980396;0.784359212313891][...]],0.024834344,16,1020029214,32
"ALPS with NSGA2 {AgeGap=50, NumberOfLayers=3} Run 1",50,[50;100;200],"ALPS with NSGA2 {AgeGap=50, NumberOfLayers=3}",300032,00:42.0,6258,3,3,6.782745339,0.048036979,0.344042502,113.8839213,[[0;1][1;0.634596857041759][0.167483889174484;0.850460784540294][0.0797858205847109;0.896792482132794][...]],0.025595316,16,2089431154,32
"ALPS with NSGA2 {AgeGap=150, NumberOfLayers=3} Run 1",150,[150;300;600],"ALPS with NSGA2 {AgeGap=150, NumberOfLayers=3}",300000,00:42.1,6385,3,3,5.580676187,0.048028392,0.317809612,115.0859905,[[0;1][1;0.521501746834526][0.33647224088838;0.722659081300886][0.471602931530499;0.671402755652751][0.239113531267674;0.766097201022662][...]],0.027625521,16,173646921,32
"ALPS with NSGA2 {AgeGap=300, NumberOfLayers=3} Run 1",300,[300;600;1200],"ALPS with NSGA2 {AgeGap=300, NumberOfLayers=3}",300000,00:42.4,6542,3,3,5.183513374,0.048434203,0.318000117,115.4831533,[[0;1][1;0.484253456927523][0.360956818175037;0.690143723631611][0.808433870074982;0.536282749949698][...]],0.024547492,16,1502915764,32
"ALPS with NSGA2 {AgeGap=5, NumberOfLayers=3} Run 2",5,[5;10;20],"ALPS with NSGA2 {AgeGap=5, NumberOfLayers=3}",300032,00:40.0,5864,3,3,7.694438396,0.044744613,0.367325615,112.9722283,[[0;1][1;0.720334256814269][0.223301536392268;0.867880252756495][0.361387841276928;0.831877578399487][...]],0.023316787,16,1524595326,32
"ALPS with NSGA2 {AgeGap=50, NumberOfLayers=3} Run 2",50,[50;100;200],"ALPS with NSGA2 {AgeGap=50, NumberOfLayers=3}",300032,00:42.8,6258,3,3,6.058399034,0.050628409,0.351583676,114.6082676,[[0;1][1;0.566400226413166][0.0642559358987248;0.892833514775472][0.604973753339897;0.662745901490826][...]],0.029007391,16,1850874464,32
"ALPS with NSGA2 {AgeGap=150, NumberOfLayers=3} Run 2",150,[150;300;600],"ALPS with NSGA2 {AgeGap=150, NumberOfLayers=3}",300000,00:43.1,6385,3,3,5.466395978,0.047469404,0.300603402,115.2002707,[[0;1][1;0.510811791849821][0.103280322166323;0.842794038653984][0.277586998542732;0.742276711322586][...]],0.028408376,16,1964900752,32
"ALPS with NSGA2 {AgeGap=300, NumberOfLayers=3} Run 2",300,[300;600;1200],"ALPS with NSGA2 {AgeGap=300, NumberOfLayers=3}",300000,00:43.6,6542,3,3,4.920539926,0.048600095,0.332781098,115.7461267,[[0;1][1;0.459626029400163][0.478974405211624;0.626019657646129][0.592933396704542;0.583902701119862][...]],0.025974995,16,1597726487,32
"ALPS with NSGA2 {AgeGap=5, NumberOfLayers=3} Run 3",5,[5;10;20],"ALPS with NSGA2 {AgeGap=5, NumberOfLayers=3}",300032,00:40.5,5864,3,3,7.43777951,0.046941083,0.349088353,113.2288872,[[0;1][1;0.696316824348358][0.153761807201799;0.880918738509061][0.797023409579464;0.728884576393042][...]],0.02785831,16,1037088018,32
"ALPS with NSGA2 {AgeGap=50, NumberOfLayers=3} Run 3",50,[50;100;200],"ALPS with NSGA2 {AgeGap=50, NumberOfLayers=3}",300032,00:43.2,6258,3,3,6.50233686,0.0470316,0.368182149,114.1643298,[[0;1][1;0.60812053582058][0.402591347888335;0.751365499551376][0.661366592000797;0.681317650869683][0.272376850306642;0.795492864255781][...]],0.022371511,16,2131099447,32
"ALPS with NSGA2 {AgeGap=150, NumberOfLayers=3} Run 3",150,[150;300;600],"ALPS with NSGA2 {AgeGap=150, NumberOfLayers=3}",300000,00:43.9,6385,3,3,5.772825806,0.048576458,0.344215414,114.8938409,[[0;1][1;0.539541384891068][0.273464572645651;0.759208520254754][0.715689775227417;0.610459165926674][...]],0.026987815,16,615860821,32
"ALPS with NSGA2 {AgeGap=300, NumberOfLayers=3} Run 3",300,[300;600;1200],"ALPS with NSGA2 {AgeGap=300, NumberOfLayers=3}",300000,00:44.0,6542,3,3,5.643497024,0.047401201,0.313125276,115.0231696,[[0;1][1;0.527428520472007][0.18589897142147;0.796248174591078][0.704401979240886;0.603377098983807][0.0772409943432641;0.868663522463822][...]],0.025551258,16,1189366839,32
"ALPS with NSGA2 {AgeGap=5, NumberOfLayers=3} Run 4",5,[5;10;20],"ALPS with NSGA2 {AgeGap=5, NumberOfLayers=3}",300032,00:41.7,5864,3,3,6.385557381,0.051599077,0.33357486,114.2811093,[[0;1][1;0.597364290659699][0.669957770175509;0.670452573019029][0.532917063648894;0.70608821078409][0.083500504069082;0.883669137575357][...]],0.026947512,16,259949369,32
"ALPS with NSGA2 {AgeGap=50, NumberOfLayers=3} Run 4",50,[50;100;200],"ALPS with NSGA2 {AgeGap=50, NumberOfLayers=3}",300032,00:44.5,6258,3,3,5.236605001,0.047669764,0.272392965,115.4300617,[[0;1][1;0.489156128323793][0.729954789383472;0.563612282751355][0.0439756210289276;0.892899896428387][...]],0.032770518,16,950750680,32
"ALPS with NSGA2 {AgeGap=150, NumberOfLayers=3} Run 4",150,[150;300;600],"ALPS with NSGA2 {AgeGap=150, NumberOfLayers=3}",300000,00:44.8,6385,3,3,5.80223036,0.055330721,0.310511977,114.8644363,[[0;1][1;0.542215118533499][0.226510434905374;0.78212583184338][0.830614511510807;0.582778989678973][0.109409134333012;0.848578090304366][...]],0.030387904,16,973445476,32
"ALPS with NSGA2 {AgeGap=300, NumberOfLayers=3} Run 4",300,[300;600;1200],"ALPS with NSGA2 {AgeGap=300, NumberOfLayers=3}",300000,00:45.1,6542,3,3,6.057935516,0.048371059,0.345090772,114.6087312,[[0;1][1;0.566554057698889][0.731509317124798;0.629308676069972][0.616628857056176;0.659634375775699][...]],0.021701569,16,597344028,32
"ALPS with NSGA2 {AgeGap=5, NumberOfLayers=3} Run 5",5,[5;10;20],"ALPS with NSGA2 {AgeGap=5, NumberOfLayers=3}",300032,00:41.4,5864,3,3,7.625426549,0.05116294,0.278819244,113.0412401,[[0;1][1;0.713821798031801][0.50100103352299;0.800879577686067][0.64153491524942;0.770783065787602][0.894871853136747;0.729282103751669][...]],0.033635095,16,1714234923,32
"ALPS with NSGA2 {AgeGap=50, NumberOfLayers=3} Run 5",50,[50;100;200],"ALPS with NSGA2 {AgeGap=50, NumberOfLayers=3}",300032,00:44.6,6258,3,3,6.136915706,0.046892203,0.364028635,114.529751,[[0;1][1;0.573854544218289][0.153089404824263;0.833263995807207][0.618574710439868;0.664698963836929][...]],0.026870899,16,402198077,32
"ALPS with NSGA2 {AgeGap=150, NumberOfLayers=3} Run 5",150,[150;300;600],"ALPS with NSGA2 {AgeGap=150, NumberOfLayers=3}",300000,00:44.0,6385,3,3,5.713822058,0.051548586,0.329924172,114.9528446,[[0;1][1;0.534122910692456][0.260688500242152;0.762133712250274][0.187377897532391;0.798348612036452][...]],0.029106368,16,1840667922,32
"ALPS with NSGA2 {AgeGap=300, NumberOfLayers=3} Run 5",300,[300;600;1200],"ALPS with NSGA2 {AgeGap=300, NumberOfLayers=3}",300000,00:45.2,6542,3,3,4.149424168,0.047866449,0.298722439,116.5172425,[[0;1][1;0.386857114100904][0.328520620143849;0.648786860939996][0.0418364422031058;0.876065748365236][...]],0.025340718,16,370069684,32
"ALPS with NSGA2 {AgeGap=5, NumberOfLayers=3} Run 6",5,[5;10;20],"ALPS with NSGA2 {AgeGap=5, NumberOfLayers=3}",300032,00:41.5,5864,3,3,7.126944429,0.048113307,0.360250517,113.5397222,[[0;1][1;0.666868196139424][0.0624157088678907;0.916810767568255][0.144758336200906;0.873440678986776][...]],0.029867832,16,1206533803,32
"ALPS with NSGA2 {AgeGap=50, NumberOfLayers=3} Run 6",50,[50;100;200],"ALPS with NSGA2 {AgeGap=50, NumberOfLayers=3}",300032,00:44.8,6258,3,3,7.563963655,0.044964328,0.33326268,113.102703,[[0;1][1;0.708109921298984][0.715967662584221;0.753017543864614][0.0703102738254492;0.922602150988326][...]],0.032620473,16,64895612,32
"ALPS with NSGA2 {AgeGap=150, NumberOfLayers=3} Run 6",150,[150;300;600],"ALPS with NSGA2 {AgeGap=150, NumberOfLayers=3}",300000,00:44.5,6385,3,3,6.196549091,0.05754048,0.348293825,114.4701176,[[0;1][1;0.579385188439459][0.882138030292187;0.605087156266291][0.76913555982394;0.631247397023187][0.0750067094562649;0.891188848661616][...]],0.034467718,16,690359959,32
"ALPS with NSGA2 {AgeGap=300, NumberOfLayers=3} Run 6",300,[300;600;1200],"ALPS with NSGA2 {AgeGap=300, NumberOfLayers=3}",300000,00:45.2,6542,3,3,4.069882978,0.047455818,0.28507315,116.5967837,[[0;1][1;0.379457085659948][0.128285562043637;0.77774031479093][0.694518959749777;0.482853271782573][0.226460491152395;0.704696892005768][...]],0.025557591,16,1539171577,32
"ALPS with NSGA2 {AgeGap=5, NumberOfLayers=3} Run 7",5,[5;10;20],"ALPS with NSGA2 {AgeGap=5, NumberOfLayers=3}",300032,00:40.8,5864,3,3,6.498460075,0.048556387,0.350440705,114.1682066,[[0;1][0.997558074262942;0.608033281424911][0.708977944901257;0.666898626630511][0.171704377435627;0.837522030983517][...]],0.026183091,16,302799669,32
"ALPS with NSGA2 {AgeGap=50, NumberOfLayers=3} Run 7",50,[50;100;200],"ALPS with NSGA2 {AgeGap=50, NumberOfLayers=3}",300032,00:43.5,6258,3,3,5.353406556,0.049689416,0.349156395,115.3132601,[[0;1][1;0.500075078278959][0.71482108055156;0.577328029226865][0.882598592752838;0.53033696535678][0.320914479809982;0.716795984808002][...]],0.029966856,16,1544346885,32
"ALPS with NSGA2 {AgeGap=150, NumberOfLayers=3} Run 7",150,[150;300;600],"ALPS with NSGA2 {AgeGap=150, NumberOfLayers=3}",300000,00:43.5,6385,3,3,6.064230341,0.049774479,0.343301675,114.6024363,[[0;1][1;0.567145248373162][0.0159628871738154;0.94531154988041][0.0806976052665808;0.87703946294448][...]],0.026856402,16,852000291,32
"ALPS with NSGA2 {AgeGap=300, NumberOfLayers=3} Run 7",300,[300;600;1200],"ALPS with NSGA2 {AgeGap=300, NumberOfLayers=3}",300000,00:43.9,6542,3,3,5.573450256,0.048818012,0.310808064,115.0932164,[[0;1][1;0.520945818935281][0.845649214509018;0.559465668280579][0.686612861343644;0.603045617507176][...]],0.023590212,16,492770872,32
"ALPS with NSGA2 {AgeGap=5, NumberOfLayers=3} Run 8",5,[5;10;20],"ALPS with NSGA2 {AgeGap=5, NumberOfLayers=3}",300032,00:40.4,5864,3,3,7.563996991,0.047748109,0.273625739,113.1026697,[[0;1][1;0.70815101625984][0.830582171295285;0.7340201459402][0.66116434259057;0.762693827085845][0.466526696610248;0.800660058502389][...]],0.042522628,16,1673014383,32
"ALPS with NSGA2 {AgeGap=50, NumberOfLayers=3} Run 8",50,[50;100;200],"ALPS with NSGA2 {AgeGap=50, NumberOfLayers=3}",300032,00:42.9,6258,3,3,6.757845073,0.045799608,0.33847876,113.9088216,[[0;1][1;0.632425894377116][0.505260546307115;0.738717843104673][0.399225000489803;0.76774682870748][0.26608197563747;0.810390924091458][...]],0.027414184,16,655997162,32
"ALPS with NSGA2 {AgeGap=150, NumberOfLayers=3} Run 8",150,[150;300;600],"ALPS with NSGA2 {AgeGap=150, NumberOfLayers=3}",300000,00:43.3,6385,3,3,6.082354216,0.047155424,0.331152804,114.5843125,[[0;1][1;0.568870912862998][0.573808346797277;0.673419120698962][0.218793876697236;0.798337619795484][...]],0.024142185,16,1778701015,32
"ALPS with NSGA2 {AgeGap=300, NumberOfLayers=3} Run 8",300,[300;600;1200],"ALPS with NSGA2 {AgeGap=300, NumberOfLayers=3}",300000,00:43.9,6542,3,3,6.233402137,0.04709667,0.317257628,114.4332645,[[0;1][1;0.582751154503825][0.0459430640396037;0.910566076614844][0.559070494921114;0.688018792441367][...]],0.024463412,16,861230599,32
"ALPS with NSGA2 {AgeGap=5, NumberOfLayers=3} Run 9",5,[5;10;20],"ALPS with NSGA2 {AgeGap=5, NumberOfLayers=3}",300032,00:40.2,5864,3,3,7.075371022,0.053496169,0.347792392,113.5912956,[[0;1][1;0.662093666949217][0.167633477185275;0.861657843947355][0.398706950591313;0.786664259303265][...]],0.031941518,16,2120467991,32
"ALPS with NSGA2 {AgeGap=50, NumberOfLayers=3} Run 9",50,[50;100;200],"ALPS with NSGA2 {AgeGap=50, NumberOfLayers=3}",300032,00:43.4,6258,3,3,6.960585064,0.049597777,0.386229488,113.7060816,[[0;1][1;0.651460349257472][0.635072702469979;0.722243616312297][0.500627263272662;0.753390634102784][...]],0.02627591,16,515246111,32
"ALPS with NSGA2 {AgeGap=150, NumberOfLayers=3} Run 9",150,[150;300;600],"ALPS with NSGA2 {AgeGap=150, NumberOfLayers=3}",300000,00:43.3,6385,3,3,5.264316937,0.048342017,0.329740629,115.4023497,[[0;1][1;0.491731422794768][0.810854948599088;0.54136004485311][0.097181694395064;0.841529416029174][0.0289268325637632;0.917712470003302][...]],0.033738462,16,1692758083,32
"ALPS with NSGA2 {AgeGap=300, NumberOfLayers=3} Run 9",300,[300;600;1200],"ALPS with NSGA2 {AgeGap=300, NumberOfLayers=3}",300000,00:43.8,6542,3,3,4.970358557,0.050934219,0.33383924,115.6963081,[[0;1][1;0.464091198862886][0.191876729177312;0.765274764357385][0.471418255921264;0.632079294643454][...]],0.02747285,16,1054692515,32
"ALPS with NSGA2 {AgeGap=5, NumberOfLayers=3} Run 10",5,[5;10;20],"ALPS with NSGA2 {AgeGap=5, NumberOfLayers=3}",300032,00:40.5,5864,3,3,7.006690282,0.050454266,0.358582954,113.6599764,[[0;1][1;0.655582691561337][0.447187519367895;0.7696815938028][0.588162437234045;0.735861606908971][0.109810442600784;0.885868878085523][...]],0.024062296,16,65665899,32
"ALPS with NSGA2 {AgeGap=50, NumberOfLayers=3} Run 10",50,[50;100;200],"ALPS with NSGA2 {AgeGap=50, NumberOfLayers=3}",300032,00:42.9,6258,3,3,6.962788741,0.047580805,0.333518826,113.7038779,[[0;1][1;0.651474441158947][0.65752856379594;0.717403645463496][0.28398254063439;0.814275564407521][0.179006127644506;0.852591977677412][...]],0.039825,16,978033244,32
"ALPS with NSGA2 {AgeGap=150, NumberOfLayers=3} Run 10",150,[150;300;600],"ALPS with NSGA2 {AgeGap=150, NumberOfLayers=3}",300000,00:43.1,6385,3,3,5.940743395,0.047415919,0.337030603,114.7259233,[[0;1][0.986608336068684;0.555925884596915][0.23243473516876;0.783117812667367][0.124603388019902;0.841053910330326][...]],0.023552633,16,510429576,32
"ALPS with NSGA2 {AgeGap=300, NumberOfLayers=3} Run 10",300,[300;600;1200],"ALPS with NSGA2 {AgeGap=300, NumberOfLayers=3}",300000,00:44.0,6542,3,3,4.877937178,0.047717615,0.309149538,115.7887295,[[0;1][1;0.455652568022683][0.810586226926884;0.509909931116778][0.404999538333603;0.653599655673685][...]],0.024487691,16,807525137,32
"ALPS with NSGA2 {AgeGap=5, NumberOfLayers=3} Run 11",5,[5;10;20],"ALPS with NSGA2 {AgeGap=5, NumberOfLayers=3}",300032,00:40.9,5864,3,3,6.9595672,0.049734382,0.288557219,113.7070995,[[0;1][1;0.651245378979948][0.783834142298964;0.691232777541237][0.4188662998053;0.77428666600462][0.0446987994886916;0.926266140042973][...]],0.034876614,16,1886400315,32
"ALPS with NSGA2 {AgeGap=50, NumberOfLayers=3} Run 11",50,[50;100;200],"ALPS with NSGA2 {AgeGap=50, NumberOfLayers=3}",300032,00:44.4,6258,3,3,6.897610257,0.045173646,0.315684176,113.7690564,[[0;1][1;0.645423584574447][0.582298669599333;0.729428067099862][0.835174118232789;0.6759601976009][0.334719152612671;0.794860106195975][...]],0.032092384,16,1437231106,32
"ALPS with NSGA2 {AgeGap=150, NumberOfLayers=3} Run 11",150,[150;300;600],"ALPS with NSGA2 {AgeGap=150, NumberOfLayers=3}",300000,00:44.4,6385,3,3,5.953538137,0.045937316,0.325170848,114.7131285,[[0;1][1;0.556644487796704][0.229526134203642;0.787655288559411][0.506668871142476;0.684480760675691][...]],0.022224501,16,1631771610,32
"ALPS with NSGA2 {AgeGap=300, NumberOfLayers=3} Run 11",300,[300;600;1200],"ALPS with NSGA2 {AgeGap=300, NumberOfLayers=3}",300000,00:44.9,6542,3,3,5.659864654,0.049606465,0.328232778,115.006802,[[0;1][1;0.529064145548649][0.133697780105872;0.827803621937359][0.888093683648885;0.556195510998348][...]],0.023529551,16,1262270605,32
"ALPS with NSGA2 {AgeGap=5, NumberOfLayers=3} Run 12",5,[5;10;20],"ALPS with NSGA2 {AgeGap=5, NumberOfLayers=3}",300032,00:41.1,5864,3,3,6.920058619,0.053180023,0.3901883,113.746608,[[0;1][1;0.647484318561329][0.475975064669295;0.756796108134945][0.324334923910078;0.799240882478924][...]],0.03053539,16,531882814,32
"ALPS with NSGA2 {AgeGap=50, NumberOfLayers=3} Run 12",50,[50;100;200],"ALPS with NSGA2 {AgeGap=50, NumberOfLayers=3}",300032,00:44.1,6258,3,3,6.78325879,0.044381623,0.318531072,113.8834079,[[0;1][1;0.634734102507013][0.46933194871165;0.749769866698951][0.58666317208441;0.720233287450409][0.68674467230997;0.697305144343468][...]],0.030748731,16,949095753,32
"ALPS with NSGA2 {AgeGap=150, NumberOfLayers=3} Run 12",150,[150;300;600],"ALPS with NSGA2 {AgeGap=150, NumberOfLayers=3}",300000,00:44.0,6385,3,3,6.337055094,0.0512812,0.314724255,114.3296116,[[0;1][1;0.592863957165811][0.162336677978727;0.836055059230505][0.0897679609300803;0.878534023750141][...]],0.028233247,16,1515158761,32
"ALPS with NSGA2 {AgeGap=5, NumberOfLayers=3} Run 13",5,[5;10;20],"ALPS with NSGA2 {AgeGap=5, NumberOfLayers=3}",300032,00:41.4,5864,3,3,6.658809463,0.048184853,0.321765241,114.0078572,[[0;1][1;0.622841140303448][0.526125051069467;0.726314800232677][0.773250933295735;0.66790114356324][0.357157158669742;0.774701146152843][...]],0.025198834,16,1640888865,32
"ALPS with NSGA2 {AgeGap=300, NumberOfLayers=3} Run 12",300,[300;600;1200],"ALPS with NSGA2 {AgeGap=300, NumberOfLayers=3}",300000,00:44.9,6542,3,3,4.076800197,0.048973021,0.310748683,116.5898665,[[0;1][1;0.379966542021599][0.103510660370623;0.800517128805693][0.771258015066132;0.455481325789664][...]],0.023328204,16,647100053,32
"ALPS with NSGA2 {AgeGap=50, NumberOfLayers=3} Run 13",50,[50;100;200],"ALPS with NSGA2 {AgeGap=50, NumberOfLayers=3}",300032,00:43.4,6258,3,3,6.716519526,0.048195523,0.313697822,113.9501471,[[0;1][1;0.628492103609066][0.455418642649196;0.749294461854954][0.0989319925421514;0.883154918476681][...]],0.027672821,16,934265682,32
"ALPS with NSGA2 {AgeGap=150, NumberOfLayers=3} Run 13",150,[150;300;600],"ALPS with NSGA2 {AgeGap=150, NumberOfLayers=3}",300000,00:43.7,6385,3,3,4.998589102,0.049735866,0.337245436,115.6680776,[[0;1][1;0.466739617117078][0.488095464122345;0.627311108093067][0.615536652210541;0.581573170711606][...]],0.028438605,16,1947294436,32
"ALPS with NSGA2 {AgeGap=5, NumberOfLayers=3} Run 14",5,[5;10;20],"ALPS with NSGA2 {AgeGap=5, NumberOfLayers=3}",300032,00:40.6,5864,3,3,7.793228963,0.047429814,0.353365964,112.8734377,[[0;1][1;0.729606421985201][0.488027932521807;0.811275506533][0.735258062618927;0.768155426251058][0.339796556061869;0.84247373449668][...]],0.022566217,16,2128386891,32
"ALPS with NSGA2 {AgeGap=300, NumberOfLayers=3} Run 13",300,[300;600;1200],"ALPS with NSGA2 {AgeGap=300, NumberOfLayers=3}",300000,00:44.3,6542,3,3,4.565158509,0.052808666,0.312807905,116.1015082,[[0;1][1;0.425940558038672][0.446902744709303;0.616237538031836][0.300191515432595;0.685514661635621][...]],0.02516148,16,202148457,32
"ALPS with NSGA2 {AgeGap=50, NumberOfLayers=3} Run 14",50,[50;100;200],"ALPS with NSGA2 {AgeGap=50, NumberOfLayers=3}",300032,00:43.4,6258,3,3,5.711745956,0.045744222,0.325523393,114.9549207,[[0;1][1;0.533838581107419][0.0797111423821164;0.868431983498469][0.0199102848436511;0.934222848302116][...]],0.025675944,16,920195764,32
"ALPS with NSGA2 {AgeGap=5, NumberOfLayers=3} Run 15",5,[5;10;20],"ALPS with NSGA2 {AgeGap=5, NumberOfLayers=3}",300032,00:40.8,5864,3,3,7.331430466,0.045083029,0.314913932,113.3352362,[[0;1][1;0.686060080740724][0.250554106801457;0.842856231631629][0.742900292762785;0.729405865053128][...]],0.026570281,16,108751309,32
"ALPS with NSGA2 {AgeGap=150, NumberOfLayers=3} Run 14",150,[150;300;600],"ALPS with NSGA2 {AgeGap=150, NumberOfLayers=3}",300000,00:44.0,6385,3,3,6.200009487,0.055005958,0.322517461,114.4666572,[[0;1][1;0.579704992561563][0.673289522626371;0.661698297447748][0.47976438374212;0.70890689298754][0.192595620937716;0.815560178345649][...]],0.027185835,16,164981693,32
"ALPS with NSGA2 {AgeGap=300, NumberOfLayers=3} Run 14",300,[300;600;1200],"ALPS with NSGA2 {AgeGap=300, NumberOfLayers=3}",300000,00:44.3,6542,3,3,5.264748553,0.052152737,0.334233224,115.4019181,[[0;1][1;0.491559515199066][0.76430522039006;0.555498193633382][0.042944926257756;0.894635076165102][0.126221054078008;0.819363288348664][...]],0.022718339,16,1399071195,32
"ALPS with NSGA2 {AgeGap=5, NumberOfLayers=3} Run 16",5,[5;10;20],"ALPS with NSGA2 {AgeGap=5, NumberOfLayers=3}",300032,00:40.9,5864,3,3,7.060168063,0.048783014,0.369564742,113.6064986,[[0;1][1;0.660748353753852][0.258751123477644;0.827431142846143][0.401962034077502;0.784913048290342][...]],0.02923506,16,717229545,32
"ALPS with NSGA2 {AgeGap=50, NumberOfLayers=3} Run 15",50,[50;100;200],"ALPS with NSGA2 {AgeGap=50, NumberOfLayers=3}",300032,00:43.9,6258,3,3,6.452440348,0.046324216,0.276774959,114.2142263,[[0;1][1;0.603335473550215][0.784557063399622;0.648652867674088][0.0670005181512093;0.897325535926896][...]],0.026933485,16,2111227834,32
"ALPS with NSGA2 {AgeGap=150, NumberOfLayers=3} Run 15",150,[150;300;600],"ALPS with NSGA2 {AgeGap=150, NumberOfLayers=3}",300000,00:43.9,6385,3,3,6.500847377,0.048024724,0.323841352,114.1658193,[[0;1][1;0.60818143841854][0.0135985303369006;0.954309894711927][0.241135934067118;0.807607752181207][...]],0.027139927,16,2127732088,32
"ALPS with NSGA2 {AgeGap=300, NumberOfLayers=3} Run 15",300,[300;600;1200],"ALPS with NSGA2 {AgeGap=300, NumberOfLayers=3}",300000,00:43.9,6542,3,3,5.110364544,0.05128863,0.334981111,115.5563021,[[0;1][1;0.477094862023718][0.821382196874896;0.526090345719031][0.729221044306166;0.553467908008375][...]],0.025508749,16,998874173,32
"ALPS with NSGA2 {AgeGap=5, NumberOfLayers=3} Run 17",5,[5;10;20],"ALPS with NSGA2 {AgeGap=5, NumberOfLayers=3}",300032,00:41.0,5864,3,3,5.08220962,0.05081114,0.321717181,115.584457,[[0;1][1;0.474607955752708][0.711123597894649;0.556944763007722][0.552140806255739;0.609663643920467][...]],0.031318566,16,1472129880,32
"ALPS with NSGA2 {AgeGap=50, NumberOfLayers=3} Run 16",50,[50;100;200],"ALPS with NSGA2 {AgeGap=50, NumberOfLayers=3}",300032,00:43.7,6258,3,3,6.515788306,0.050071424,0.291285378,114.1508784,[[0;1][1;0.60955215576335][0.404920552782897;0.75161988795694][0.272443408521066;0.796201457996675][0.140843744419366;0.853471888080012][...]],0.04468353,16,2072195751,32
"ALPS with NSGA2 {AgeGap=150, NumberOfLayers=3} Run 16",150,[150;300;600],"ALPS with NSGA2 {AgeGap=150, NumberOfLayers=3}",300000,00:43.8,6385,3,3,5.817887569,0.050303213,0.31109055,114.8487791,[[0;1][1;0.543805532271577][0.233439163201257;0.779587199833374][0.359590967039278;0.726438959912571][...]],0.026132079,16,381090856,32
"ALPS with NSGA2 {AgeGap=300, NumberOfLayers=3} Run 16",300,[300;600;1200],"ALPS with NSGA2 {AgeGap=300, NumberOfLayers=3}",300000,00:44.9,6542,3,3,5.515528814,0.050874423,0.321077084,115.1511379,[[0;1][1;0.515390025588314][0.124630818151641;0.828917721244056][0.0316179057394571;0.913829451533644][...]],0.026786261,16,352398432,32
"ALPS with NSGA2 {AgeGap=5, NumberOfLayers=3} Run 18",5,[5;10;20],"ALPS with NSGA2 {AgeGap=5, NumberOfLayers=3}",300032,00:41.2,5864,3,3,6.729841608,0.047572438,0.316890483,113.9368251,[[0;1][1;0.629555875637446][0.807990096079603;0.667040698502737][0.614644087847357;0.709608746600994][...]],0.036278579,16,1902113869,32
"ALPS with NSGA2 {AgeGap=50, NumberOfLayers=3} Run 17",50,[50;100;200],"ALPS with NSGA2 {AgeGap=50, NumberOfLayers=3}",300032,00:43.8,6258,3,3,6.630767763,0.047383499,0.303559844,114.0358989,[[0;1][1;0.620329422679009][0.326493927054443;0.783057782961942][0.200774278137532;0.829877890811243][...]],0.029361169,16,1216382495,32
"ALPS with NSGA2 {AgeGap=150, NumberOfLayers=3} Run 17",150,[150;300;600],"ALPS with NSGA2 {AgeGap=150, NumberOfLayers=3}",300000,00:44.0,6385,3,3,5.842068026,0.044071272,0.295060777,114.8245986,[[0;1][1;0.546051861128895][0.793012535491233;0.595663211265671][0.0546584468924983;0.893870801421921][...]],0.03411334,16,1892186905,32
"ALPS with NSGA2 {AgeGap=300, NumberOfLayers=3} Run 17",300,[300;600;1200],"ALPS with NSGA2 {AgeGap=300, NumberOfLayers=3}",300000,00:44.8,6542,3,3,5.58739707,0.049152616,0.33571778,115.0792696,[[0;1][1;0.522052402445903][0.127954186895893;0.829034873043026][0.474403168418191;0.67080436115062][0.63855055234191;0.618075142567731][...]],0.022829889,16,1405476244,32
"ALPS with NSGA2 {AgeGap=5, NumberOfLayers=3} Run 19",5,[5;10;20],"ALPS with NSGA2 {AgeGap=5, NumberOfLayers=3}",300032,00:41.2,5864,3,3,5.687389094,0.0451451,0.295160992,114.9792776,[[0;1][1;0.531564941976736][0.742493761129292;0.596383366230457][0.593208207094121;0.639211644511082][...]],0.030822484,16,2066236608,32
"ALPS with NSGA2 {AgeGap=50, NumberOfLayers=3} Run 18",50,[50;100;200],"ALPS with NSGA2 {AgeGap=50, NumberOfLayers=3}",300032,00:44.3,6258,3,3,6.438464662,0.052238526,0.326016818,114.228202,[[0;1][1;0.602115219987614][0.564390634330045;0.701085386804924][0.140478024010746;0.85087124291433][0.729490889058532;0.660165686842769][...]],0.031137746,16,531678129,32
"ALPS with NSGA2 {AgeGap=150, NumberOfLayers=3} Run 18",150,[150;300;600],"ALPS with NSGA2 {AgeGap=150, NumberOfLayers=3}",300000,00:44.3,6385,3,3,5.123026891,0.048329987,0.357298414,115.5436398,[[0;1][1;0.478228983610715][0.33707860082687;0.697089599696636][0.118356318734325;0.820525066302][0.509062131282114;0.627737712915411][...]],0.024400328,16,736201679,32
"ALPS with NSGA2 {AgeGap=300, NumberOfLayers=3} Run 18",300,[300;600;1200],"ALPS with NSGA2 {AgeGap=300, NumberOfLayers=3}",300000,00:44.4,6542,3,3,4.842535011,0.056962236,0.302403961,115.8241317,[[0;1][1;0.452221093176233][0.497148271995504;0.613780098131993][0.0383432121958549;0.892735602307589][...]],0.029942318,16,2039252148,32
"ALPS with NSGA2 {AgeGap=5, NumberOfLayers=3} Run 20",5,[5;10;20],"ALPS with NSGA2 {AgeGap=5, NumberOfLayers=3}",300032,00:40.9,5864,3,3,7.134376591,0.052954735,0.349416007,113.5322901,[[0;1][1;0.667671639479508][0.165688090871824;0.864728337224978][0.633534559639925;0.735484001025148][...]],0.030029764,16,1033142785,32
"ALPS with NSGA2 {AgeGap=50, NumberOfLayers=3} Run 19",50,[50;100;200],"ALPS with NSGA2 {AgeGap=50, NumberOfLayers=3}",300032,00:43.7,6258,3,3,6.592468129,0.05154724,0.273485787,114.0741985,[[0;1][1;0.616684248353351][0.17465698389496;0.839804747248199][0.0726678431542512;0.896669720021833][...]],0.040205799,16,631153016,32
"ALPS with NSGA2 {AgeGap=150, NumberOfLayers=3} Run 19",150,[150;300;600],"ALPS with NSGA2 {AgeGap=150, NumberOfLayers=3}",300000,00:44.1,6385,3,3,4.817715371,0.048518814,0.275581116,115.8489513,[[0;1][1;0.449569790260249][0.0118352095726019;0.940057278033641][0.0902465390774772;0.834645515318212][...]],0.020970244,16,1916786344,32
"ALPS with NSGA2 {AgeGap=300, NumberOfLayers=3} Run 19",300,[300;600;1200],"ALPS with NSGA2 {AgeGap=300, NumberOfLayers=3}",300000,00:44.3,6542,3,3,5.861173957,0.048980128,0.31896259,114.8054927,[[0;1][1;0.548046132645672][0.649581081316107;0.635738438557194][0.814699188207219;0.592061091610572][...]],0.023757294,16,580607649,32
"ALPS with NSGA2 {AgeGap=300, NumberOfLayers=5} Run 1",300,[300;600;1200;2700;4800],"ALPS with NSGA2 {AgeGap=300, NumberOfLayers=5}",300030,00:48.3,6955,5,5,3.535433043,0.05991868,0.350651418,117.1312336,[[0;1][1;0.327235742556211][0.64322860278419;0.460432746520653][0.263035407974433;0.654959545427202][0.819246615736692;0.391065979576143][...]],0.047390563,10,1575573001,20
"ALPS with NSGA2 {AgeGap=50, NumberOfLayers=3} Run 20",50,[50;100;200],"ALPS with NSGA2 {AgeGap=50, NumberOfLayers=3}",300032,00:43.6,6258,3,3,6.158493076,0.049594752,0.278199846,114.5081736,[[0;1][1;0.575933453255405][0.07911134683738;0.88074639902463][0.177457062377092;0.821392885584083][0.0260730505091478;0.931538242591459][...]],0.034159988,16,1007288763,32
"ALPS with NSGA2 {AgeGap=150, NumberOfLayers=3} Run 20",150,[150;300;600],"ALPS with NSGA2 {AgeGap=150, NumberOfLayers=3}",300000,00:43.9,6385,3,3,6.800137272,0.055386076,0.325439076,113.8665294,[[0;1][1;0.636066266841604][0.548054311178015;0.730578614014064][0.283741304182783;0.80614344405191][0.164068652571305;0.852587647769148][...]],0.027451193,16,1501187563,32
"ALPS with NSGA2 {AgeGap=300, NumberOfLayers=3} Run 20",300,[300;600;1200],"ALPS with NSGA2 {AgeGap=300, NumberOfLayers=3}",300000,00:44.4,6542,3,3,5.712167729,0.051723364,0.313317381,114.9544989,[[0;1][1;0.533591871064213][0.617369851042391;0.633529990703113][0.829572561779395;0.575191789133481][...]],0.033005455,16,29188124,32
"ALPS with NSGA2 {AgeGap=300, NumberOfLayers=5} Run 2",300,[300;600;1200;2700;4800],"ALPS with NSGA2 {AgeGap=300, NumberOfLayers=5}",300030,00:48.3,6955,5,5,4.789508165,0.052543416,0.376387541,115.8771585,[[0;1][1;0.445572624867261][0.124505441893672;0.804368478481649][0.230050332377947;0.734076879637197][...]],0.040401859,10,204900238,20
"ALPS with NSGA2 {AgeGap=150, NumberOfLayers=5} Run 1",150,[150;300;600;1350;2400],"ALPS with NSGA2 {AgeGap=150, NumberOfLayers=5}",300030,00:47.2,6471,5,5,5.724843375,0.048101539,0.31862046,114.9418233,[[0;1][1;0.53344122734534][0.174351492300566;0.805186431769362][0.368409407170206;0.716814119725967][0.80021109614466;0.582642387161541][...]],0.045837446,10,999365654,20
"ALPS with NSGA2 {AgeGap=50, NumberOfLayers=5} Run 1",50,[50;100;200;450;800],"ALPS with NSGA2 {AgeGap=50, NumberOfLayers=5}",300020,00:46.4,6135,5,5,6.242475083,0.053448127,0.387047475,114.4241916,[[0;1][1;0.582752642733898][0.180672208948088;0.822646683694472][0.566423328799776;0.685979109865297][...]],0.040136527,10,738748701,20
"ALPS with NSGA2 {AgeGap=5, NumberOfLayers=5} Run 1",5,[5;10;20;45;80],"ALPS with NSGA2 {AgeGap=5, NumberOfLayers=5}",300010,00:44.5,5784,5,5,7.397148064,0.056902378,0.390306449,113.2695186,[[0;1][1;0.691326034795258][0.619447791705864;0.757061792279448][0.869074398322809;0.712242673931078][...]],0.040151345,10,856186373,20
"ALPS with NSGA2 {AgeGap=300, NumberOfLayers=5} Run 3",300,[300;600;1200;2700;4800],"ALPS with NSGA2 {AgeGap=300, NumberOfLayers=5}",300030,00:48.3,6955,5,5,2.63267389,0.051014307,0.346734945,118.0339928,[[0;1][1;0.242258182559026][0.611195242484505;0.407605202662122][0.86304020657753;0.296058175149533][0.265112157636891;0.609845987759568][...]],0.042511496,10,1797797771,20
"ALPS with NSGA2 {AgeGap=150, NumberOfLayers=5} Run 2",150,[150;300;600;1350;2400],"ALPS with NSGA2 {AgeGap=150, NumberOfLayers=5}",300030,00:47.4,6471,5,5,4.430380879,0.049469097,0.365133868,116.2362858,[[0;1][1;0.410478052571587][0.267947780096515;0.697794978916553][0.50562378331814;0.584300574162353][0.169930446685666;0.760196031654547][...]],0.034551186,10,659082142,20
"ALPS with NSGA2 {AgeGap=50, NumberOfLayers=5} Run 2",50,[50;100;200;450;800],"ALPS with NSGA2 {AgeGap=50, NumberOfLayers=5}",300020,00:47.0,6135,5,5,5.691192621,0.04704873,0.384750789,114.975474,[[0;1][1;0.52991653174065][0.0893517243528187;0.863118367464265][0.280554784282819;0.757449349062082][...]],0.036035493,10,1200272227,20
"ALPS with NSGA2 {AgeGap=5, NumberOfLayers=5} Run 2",5,[5;10;20;45;80],"ALPS with NSGA2 {AgeGap=5, NumberOfLayers=5}",300010,00:44.9,5784,5,5,7.824096253,0.049344254,0.3945951,112.8425704,[[0;1][1;0.731828329007975][0.0949647987611632;0.91735924975734][0.259349115957292;0.863430008919189][...]],0.037146758,10,350264418,20
"ALPS with NSGA2 {AgeGap=300, NumberOfLayers=5} Run 4",300,[300;600;1200;2700;4800],"ALPS with NSGA2 {AgeGap=300, NumberOfLayers=5}",300030,00:48.2,6955,5,5,4.47765244,0.053785627,0.333502464,116.1890142,[[0;1][0.883251235327383;0.418865405040067][0.26030760703685;0.684537886049832][0.0875166086384407;0.817102254398761][...]],0.032491223,10,1584006774,20
"ALPS with NSGA2 {AgeGap=150, NumberOfLayers=5} Run 3",150,[150;300;600;1350;2400],"ALPS with NSGA2 {AgeGap=150, NumberOfLayers=5}",300030,00:47.4,6471,5,5,3.678641558,0.048112308,0.356119497,116.9880251,[[0;1][1;0.341218328564005][0.337395016706282;0.617341965762365][0.172361202968981;0.726497522262316][...]],0.04402612,10,1803104967,20
"ALPS with NSGA2 {AgeGap=50, NumberOfLayers=5} Run 3",50,[50;100;200;450;800],"ALPS with NSGA2 {AgeGap=50, NumberOfLayers=5}",300020,00:46.9,6135,5,5,7.129073597,0.050794262,0.388257635,113.5375931,[[0;1][1;0.666182350332057][0.123567726998385;0.882662689667882][0.324347051571673;0.809885903297434][...]],0.036053545,10,101921712,20
"ALPS with NSGA2 {AgeGap=5, NumberOfLayers=5} Run 3",5,[5;10;20;45;80],"ALPS with NSGA2 {AgeGap=5, NumberOfLayers=5}",300010,00:44.5,5784,5,5,7.846962909,0.042653742,0.380823916,112.8197038,[[0;1][1;0.734177611248399][0.18680913765721;0.885107782945491][0.0488537812504752;0.941245565839896][...]],0.033039936,10,260803699,20
"ALPS with NSGA2 {AgeGap=300, NumberOfLayers=5} Run 5",300,[300;600;1200;2700;4800],"ALPS with NSGA2 {AgeGap=300, NumberOfLayers=5}",300030,00:48.7,6955,5,5,5.09265857,0.049671217,0.354475658,115.5740081,[[0;1][1;0.474041439270999][0.835016349379032;0.519387169354221][0.161012031658338;0.78895452780009][0.107029297254351;0.908139155089568][...]],0.043566281,10,530181135,20
"ALPS with NSGA2 {AgeGap=150, NumberOfLayers=5} Run 4",150,[150;300;600;1350;2400],"ALPS with NSGA2 {AgeGap=150, NumberOfLayers=5}",300030,00:48.1,6471,5,5,4.312247257,0.05217875,0.378224894,116.3544194,[[0;1][1;0.40026127722565][0.0921533720683777;0.832943515103309][0.243562257163358;0.70401639920522][0.332382454687049;0.660433957321459][...]],0.039510527,10,1956134611,20
"ALPS with NSGA2 {AgeGap=50, NumberOfLayers=5} Run 4",50,[50;100;200;450;800],"ALPS with NSGA2 {AgeGap=50, NumberOfLayers=5}",300020,00:47.5,6135,5,5,7.044463269,0.050954418,0.384617202,113.6222034,[[0;1][1;0.658542009709783][0.631691381088802;0.728867372611375][0.486078070944028;0.761959370740062][...]],0.04132977,10,414270435,20
"ALPS with NSGA2 {AgeGap=5, NumberOfLayers=5} Run 4",5,[5;10;20;45;80],"ALPS with NSGA2 {AgeGap=5, NumberOfLayers=5}",300010,00:45.7,5784,5,5,7.830517814,0.055095457,0.411423391,112.8361489,[[0;1][1;0.732777644882378][0.55431832324741;0.8010461239426][0.720919093451294;0.773109629386131][0.425819649639104;0.825624426993845][...]],0.042623794,10,1512519002,20
"ALPS with NSGA2 {AgeGap=300, NumberOfLayers=5} Run 6",300,[300;600;1200;2700;4800],"ALPS with NSGA2 {AgeGap=300, NumberOfLayers=5}",300030,00:49.3,6955,5,5,3.839019885,0.052038865,0.332371856,116.8276468,[[0;1][1;0.356020205481505][0.774115355061342;0.433911560819942][0.544491642800322;0.52486811756161][0.20831458074002;0.706078012534336][...]],0.047328863,10,1250680754,20
"ALPS with NSGA2 {AgeGap=5, NumberOfLayers=5} Run 5",5,[5;10;20;45;80],"ALPS with NSGA2 {AgeGap=5, NumberOfLayers=5}",300010,00:44.9,5784,5,5,7.470565959,0.055670401,0.416850657,113.1961007,[[0;1][1;0.698177563671132][0.145300571507283;0.88498637635721][0.35538276429871;0.833789179286014][0.492966535684171;0.788085698717185][...]],0.040461854,10,1880196905,20
"ALPS with NSGA2 {AgeGap=150, NumberOfLayers=5} Run 5",150,[150;300;600;1350;2400],"ALPS with NSGA2 {AgeGap=150, NumberOfLayers=5}",300030,00:48.0,6471,5,5,4.964728172,0.050424647,0.364288283,115.7019385,[[0;1][1;0.462175445384189][0.441038225325786;0.642826900776725][0.231941078916022;0.740982288007998][...]],0.042044235,10,909872173,20
"ALPS with NSGA2 {AgeGap=50, NumberOfLayers=5} Run 5",50,[50;100;200;450;800],"ALPS with NSGA2 {AgeGap=50, NumberOfLayers=5}",300020,00:47.1,6135,5,5,6.400345918,0.047444498,0.378501269,114.2663207,[[0;1][1;0.597766806725546][0.564321255756143;0.697835005690873][0.336769027111785;0.763292313307452][...]],0.03899845,10,777252592,20
"ALPS with NSGA2 {AgeGap=5, NumberOfLayers=5} Run 6",5,[5;10;20;45;80],"ALPS with NSGA2 {AgeGap=5, NumberOfLayers=5}",300010,00:44.8,5784,5,5,8.022763753,0.050918662,0.43482288,112.6439029,[[0;1][1;0.75079687898785][0.133431798842224;0.908969996910764][0.805850682795365;0.776299266495939][0.0204721766684881;0.964344913318836][...]],0.041767999,10,1389107456,20
"ALPS with NSGA2 {AgeGap=300, NumberOfLayers=5} Run 7",300,[300;600;1200;2700;4800],"ALPS with NSGA2 {AgeGap=300, NumberOfLayers=5}",300030,00:48.9,6955,5,5,3.524297997,0.047184855,0.345544952,117.1423687,[[0;1][1;0.326229120402377][0.609248768432284;0.474092568108959][0.354582618598547;0.598793457441423][...]],0.041105065,10,1770455503,20
"ALPS with NSGA2 {AgeGap=50, NumberOfLayers=5} Run 6",50,[50;100;200;450;800],"ALPS with NSGA2 {AgeGap=50, NumberOfLayers=5}",300020,00:46.9,6135,5,5,6.951122422,0.051274758,0.36958533,113.7155442,[[0;1][1;0.649382176956476][0.635393559303124;0.720517853801001][0.832429880477329;0.680105923825379][...]],0.043740474,10,402587553,20
"ALPS with NSGA2 {AgeGap=150, NumberOfLayers=5} Run 6",150,[150;300;600;1350;2400],"ALPS with NSGA2 {AgeGap=150, NumberOfLayers=5}",300030,00:48.0,6471,5,5,4.081988631,0.054762883,0.355323748,116.584678,[[0;1][1;0.378862313570302][0.585705728396024;0.527783841675523][0.173335508858634;0.742427944609093][...]],0.047028473,10,1722135904,20
"ALPS with NSGA2 {AgeGap=5, NumberOfLayers=5} Run 7",5,[5;10;20;45;80],"ALPS with NSGA2 {AgeGap=5, NumberOfLayers=5}",300010,00:45.3,5784,5,5,7.472515706,0.055775929,0.400398815,113.194151,[[0;1][1;0.698636059816736][0.0668856200870054;0.92206330610387][0.244142056207617;0.851095274265286][...]],0.039040043,10,1211092757,20
"ALPS with NSGA2 {AgeGap=50, NumberOfLayers=5} Run 7",50,[50;100;200;450;800],"ALPS with NSGA2 {AgeGap=50, NumberOfLayers=5}",300020,00:47.3,6135,5,5,7.335916637,0.054916462,0.373425285,113.33075,[[0;1][1;0.686041606618037][0.404192387564065;0.800652680197611][0.167806821972113;0.865974954788725][...]],0.034960711,10,1316489319,20
"ALPS with NSGA2 {AgeGap=300, NumberOfLayers=5} Run 8",300,[300;600;1200;2700;4800],"ALPS with NSGA2 {AgeGap=300, NumberOfLayers=5}",300030,00:49.2,6955,5,5,5.408270449,0.046453122,0.347403722,115.2583962,[[0;1][1;0.50326204136399][0.1000074573813;0.900395771442047][0.873570106365914;0.535723769621911][0.642637034088958;0.601791534443045][...]],0.038458386,10,89134743,20
"ALPS with NSGA2 {AgeGap=150, NumberOfLayers=5} Run 7",150,[150;300;600;1350;2400],"ALPS with NSGA2 {AgeGap=150, NumberOfLayers=5}",300030,00:47.2,6471,5,5,4.458882683,0.047794219,0.375973902,116.207784,[[0;1][1;0.413194668201618][0.2081412643112;0.732284728698586][0.745758516252504;0.493250694675636][0.149763733230911;0.911775095311201][...]],0.047545133,10,289042748,20
"ALPS with NSGA2 {AgeGap=5, NumberOfLayers=5} Run 8",5,[5;10;20;45;80],"ALPS with NSGA2 {AgeGap=5, NumberOfLayers=5}",300010,00:44.5,5784,5,5,7.321460578,0.055463709,0.398304216,113.3452061,[[0;1][1;0.68449486920268][0.663379745049364;0.747936652199533][0.364772762838519;0.81101249181257][0.827695230765627;0.713647169947145][...]],0.042341765,10,395678996,20
"ALPS with NSGA2 {AgeGap=50, NumberOfLayers=5} Run 8",50,[50;100;200;450;800],"ALPS with NSGA2 {AgeGap=50, NumberOfLayers=5}",300020,00:46.7,6135,5,5,6.52821539,0.053179733,0.373174672,114.1384513,[[0;1][1;0.609639215961378][0.600111755433319;0.697714291193309][0.899697858972661;0.629899604209215][...]],0.035420852,10,1675627307,20
"ALPS with NSGA2 {AgeGap=150, NumberOfLayers=5} Run 8",150,[150;300;600;1350;2400],"ALPS with NSGA2 {AgeGap=150, NumberOfLayers=5}",300030,00:47.5,6471,5,5,4.930752823,0.058614941,0.305318732,115.7359138,[[0;1][1;0.459066719984266][0.530502219706232;0.606008367099016][0.357434862178873;0.676598581099025][...]],0.048179456,10,1103939071,20
"ALPS with NSGA2 {AgeGap=300, NumberOfLayers=5} Run 9",300,[300;600;1200;2700;4800],"ALPS with NSGA2 {AgeGap=300, NumberOfLayers=5}",300030,00:48.4,6955,5,5,4.311155785,0.04776,0.354055112,116.3555109,[[0;1][1;0.400764432887275][0.456845999965248;0.594974564395851][0.761018477893207;0.477248630473032][...]],0.04799549,10,1970981841,20
"ALPS with NSGA2 {AgeGap=5, NumberOfLayers=5} Run 9",5,[5;10;20;45;80],"ALPS with NSGA2 {AgeGap=5, NumberOfLayers=5}",300010,00:44.8,5784,5,5,7.517487376,0.049590331,0.356718423,113.1491793,[[0;1][1;0.703157216091701][0.868084542389024;0.72343125836383][0.646762181747653;0.761274503916576][0.185103446219876;0.872288867043285][...]],0.040029385,10,1363525629,20
"ALPS with NSGA2 {AgeGap=50, NumberOfLayers=5} Run 9",50,[50;100;200;450;800],"ALPS with NSGA2 {AgeGap=50, NumberOfLayers=5}",300020,00:47.2,6135,5,5,6.647914441,0.058454929,0.372108531,114.0187522,[[0;1][1;0.621093362966266][0.710669984678489;0.680601215007992][0.469590943132661;0.740353857781608][...]],0.045644903,10,2098543964,20
"ALPS with NSGA2 {AgeGap=150, NumberOfLayers=5} Run 9",150,[150;300;600;1350;2400],"ALPS with NSGA2 {AgeGap=150, NumberOfLayers=5}",300030,00:47.4,6471,5,5,6.289832139,0.049377793,0.355723092,114.3768345,[[0;1][1;0.587300196594224][0.628187878627929;0.672905221456766][0.442139376893993;0.725589351592856][...]],0.035030876,10,793973935,20
"ALPS with NSGA2 {AgeGap=300, NumberOfLayers=5} Run 10",300,[300;600;1200;2700;4800],"ALPS with NSGA2 {AgeGap=300, NumberOfLayers=5}",300030,00:48.5,6955,5,5,4.20119697,0.051060948,0.352175958,116.4654697,[[0;1][1;0.390381506648782][0.662814030476209;0.503741750707713][0.852405169975112;0.437164903404664][...]],0.052039737,10,472764226,20
"ALPS with NSGA2 {AgeGap=5, NumberOfLayers=5} Run 10",5,[5;10;20;45;80],"ALPS with NSGA2 {AgeGap=5, NumberOfLayers=5}",300010,00:44.8,5784,5,5,7.926754528,0.054124399,0.369991084,112.7399121,[[0;1][1;0.741562195491957][0.172380966683784;0.892726000545848][0.349016059460728;0.847325125701157][...]],0.038548677,10,1333447050,20
"ALPS with NSGA2 {AgeGap=50, NumberOfLayers=5} Run 10",50,[50;100;200;450;800],"ALPS with NSGA2 {AgeGap=50, NumberOfLayers=5}",300020,00:47.3,6135,5,5,6.78757693,0.054338105,0.360614609,113.8790897,[[0;1][1;0.63394370959845][0.149495323842768;0.858465701355086][0.565007838597835;0.724846458534025][0.389963506961201;0.771408614127871][...]],0.0412146,10,1672388130,20
"ALPS with NSGA2 {AgeGap=150, NumberOfLayers=5} Run 10",150,[150;300;600;1350;2400],"ALPS with NSGA2 {AgeGap=150, NumberOfLayers=5}",300030,00:47.7,6471,5,5,4.498969593,0.051036309,0.330009116,116.1676971,[[0;1][1;0.417754841875561][0.259335450825562;0.702905809347712][0.0747982561152048;0.841242852252205][...]],0.038085532,10,702084308,20
"ALPS with NSGA2 {AgeGap=300, NumberOfLayers=5} Run 11",300,[300;600;1200;2700;4800],"ALPS with NSGA2 {AgeGap=300, NumberOfLayers=5}",300030,00:48.5,6955,5,5,3.866303125,0.047119234,0.358307726,116.8003635,[[0;1][1;0.358042805424905][0.249326590862801;0.680091823831552][0.0637602773147679;0.83820309805732][...]],0.026998005,10,1243031727,20
"ALPS with NSGA2 {AgeGap=5, NumberOfLayers=5} Run 11",5,[5;10;20;45;80],"ALPS with NSGA2 {AgeGap=5, NumberOfLayers=5}",300010,00:44.9,5784,5,5,7.431695213,0.05002846,0.394767532,113.2349715,[[0;1][1;0.694671086140336][0.237747437548625;0.85248833556899][0.0793909597754381;0.914648168425429][...]],0.042943138,10,16110268,20
"ALPS with NSGA2 {AgeGap=50, NumberOfLayers=5} Run 11",50,[50;100;200;450;800],"ALPS with NSGA2 {AgeGap=50, NumberOfLayers=5}",300020,00:47.4,6135,5,5,5.690710342,0.052837918,0.381038665,114.9759563,[[0;1][1;0.530184403299697][0.0955180296003935;0.854799326675121][0.52511566701233;0.659552015017782][...]],0.052187725,10,1541922487,20
"ALPS with NSGA2 {AgeGap=150, NumberOfLayers=5} Run 11",150,[150;300;600;1350;2400],"ALPS with NSGA2 {AgeGap=150, NumberOfLayers=5}",300030,00:48.1,6471,5,5,4.549983405,0.047087943,0.315878214,116.1166833,[[0;1][1;0.423519354653604][0.534147381166101;0.578676994217088][0.834240732009049;0.473461162152797][...]],0.043455251,10,1968953117,20
"ALPS with NSGA2 {AgeGap=300, NumberOfLayers=5} Run 12",300,[300;600;1200;2700;4800],"ALPS with NSGA2 {AgeGap=300, NumberOfLayers=5}",300030,00:48.9,6955,5,5,3.644650875,0.050173349,0.33075725,117.0220158,[[0;1][1;0.337424872145302][0.693123699328733;0.448379365797964][0.442658296326909;0.559171734653387][...]],0.047671093,10,263131641,20
"ALPS with NSGA2 {AgeGap=5, NumberOfLayers=5} Run 12",5,[5;10;20;45;80],"ALPS with NSGA2 {AgeGap=5, NumberOfLayers=5}",300010,00:44.7,5784,5,5,7.886613134,0.050066755,0.342759517,112.7800535,[[0;1][1;0.73772975822348][0.158239868747362;0.895670548489888][0.406660008965054;0.832750539523772][0.848740712012916;0.758377926627091][...]],0.041987881,10,429756417,20
"ALPS with NSGA2 {AgeGap=50, NumberOfLayers=5} Run 12",50,[50;100;200;450;800],"ALPS with NSGA2 {AgeGap=50, NumberOfLayers=5}",300020,00:47.2,6135,5,5,6.677361481,0.056142661,0.38288636,113.9893052,[[0;1][1;0.623838828109345][0.456345207154476;0.745891760035646][0.705283597652692;0.684099387589333][...]],0.046784093,10,475397980,20
"ALPS with NSGA2 {AgeGap=150, NumberOfLayers=5} Run 12",150,[150;300;600;1350;2400],"ALPS with NSGA2 {AgeGap=150, NumberOfLayers=5}",300030,00:47.7,6471,5,5,4.954289551,0.049129249,0.360815755,115.7123771,[[0;1][1;0.461218816614315][0.415494855472836;0.652708574357308][0.0413150637344926;0.890487357846151][...]],0.040949808,10,1509071013,20
"ALPS with NSGA2 {AgeGap=300, NumberOfLayers=5} Run 13",300,[300;600;1200;2700;4800],"ALPS with NSGA2 {AgeGap=300, NumberOfLayers=5}",300030,00:48.8,6955,5,5,3.493896994,0.049323838,0.381582837,117.1727697,[[0;1][1;0.32320286190499][0.330366142469113;0.612024756861998][0.150419050081729;0.737486800508472][0.520391788508788;0.514690809764084][...]],0.044704731,10,1224491821,20
"ALPS with NSGA2 {AgeGap=5, NumberOfLayers=5} Run 13",5,[5;10;20;45;80],"ALPS with NSGA2 {AgeGap=5, NumberOfLayers=5}",300010,00:45.0,5784,5,5,7.822440238,0.046652773,0.413794175,112.8442264,[[0;1][1;0.7316849104265][0.104771043953514;0.9131521327259][0.821172827252666;0.756866716161848][0.650593399396207;0.783598540863916][...]],0.043684047,10,216882581,20
"ALPS with NSGA2 {AgeGap=50, NumberOfLayers=5} Run 13",50,[50;100;200;450;800],"ALPS with NSGA2 {AgeGap=50, NumberOfLayers=5}",300020,00:46.9,6135,5,5,6.831256443,0.045000192,0.38412423,113.8354102,[[0;1][1;0.638318740347509][0.503256196339745;0.743421402798909][0.673596914759334;0.703169678091649][...]],0.044566973,10,404267342,20
"ALPS with NSGA2 {AgeGap=150, NumberOfLayers=5} Run 13",150,[150;300;600;1350;2400],"ALPS with NSGA2 {AgeGap=150, NumberOfLayers=5}",300030,00:47.3,6471,5,5,5.356088094,0.057021126,0.360160696,115.3105786,[[0;1][1;0.498604925463956][0.280366942226565;0.734512874239404][0.0949990018197746;0.845460687672522][...]],0.038041869,10,1477410542,20
"ALPS with NSGA2 {AgeGap=300, NumberOfLayers=5} Run 14",300,[300;600;1200;2700;4800],"ALPS with NSGA2 {AgeGap=300, NumberOfLayers=5}",300030,00:48.4,6955,5,5,4.366069913,0.047311823,0.353296178,116.3005968,[[0;1][1;0.405046986071813][0.573414261871609;0.549477055224231][0.321122192956213;0.662854141321687][...]],0.034755891,10,665700828,20
"ALPS with NSGA2 {AgeGap=5, NumberOfLayers=5} Run 14",5,[5;10;20;45;80],"ALPS with NSGA2 {AgeGap=5, NumberOfLayers=5}",300010,00:44.5,5784,5,5,7.847865532,0.052135503,0.400037148,112.8188011,[[0;1][1;0.733701664678215][0.481466161394704;0.815305243813959][0.852727947246936;0.75409140981135][0.60703898408605;0.792576672944868][...]],0.039122938,10,230036171,20
"ALPS with NSGA2 {AgeGap=50, NumberOfLayers=5} Run 14",50,[50;100;200;450;800],"ALPS with NSGA2 {AgeGap=50, NumberOfLayers=5}",300020,00:47.0,6135,5,5,5.823142575,0.052035505,0.370177223,114.8435241,[[0;1][1;0.542421065484822][0.476451457987783;0.684154660329804][0.721466687508781;0.611338098758816][...]],0.037079184,10,1768474305,20
"ALPS with NSGA2 {AgeGap=150, NumberOfLayers=5} Run 14",150,[150;300;600;1350;2400],"ALPS with NSGA2 {AgeGap=150, NumberOfLayers=5}",300030,00:47.3,6471,5,5,5.497532122,0.057147174,0.370904244,115.1691345,[[0;1][1;0.511199380449134][0.597079881519212;0.622299135077811][0.270580777714833;0.745738717186045][...]],0.036551091,10,406216268,20
"ALPS with NSGA2 {AgeGap=300, NumberOfLayers=5} Run 15",300,[300;600;1200;2700;4800],"ALPS with NSGA2 {AgeGap=300, NumberOfLayers=5}",300030,00:48.5,6955,5,5,3.39068278,0.052217794,0.320941414,117.2759839,[[0;1][1;0.312970896055301][0.232709660668335;0.668576996911877][0.443404443409039;0.542508839059752][...]],0.045301278,10,963276429,20
"ALPS with NSGA2 {AgeGap=5, NumberOfLayers=5} Run 15",5,[5;10;20;45;80],"ALPS with NSGA2 {AgeGap=5, NumberOfLayers=5}",300010,00:44.7,5784,5,5,7.46565517,0.041918915,0.372177777,113.2010115,[[0;1][1;0.697486574505395][0.181012705607612;0.871688812605781][0.458960714159807;0.795414187324197][...]],0.036082403,10,1424713397,20
"ALPS with NSGA2 {AgeGap=50, NumberOfLayers=5} Run 15",50,[50;100;200;450;800],"ALPS with NSGA2 {AgeGap=50, NumberOfLayers=5}",300020,00:46.7,6135,5,5,6.108035107,0.059939379,0.389522777,114.5586316,[[0;1][1;0.569363654006699][0.349714472297291;0.745336018521824][0.11229227303958;0.855693583007925][0.591439980354494;0.668818512191641][...]],0.038030147,10,336161148,20
"ALPS with NSGA2 {AgeGap=150, NumberOfLayers=5} Run 15",150,[150;300;600;1350;2400],"ALPS with NSGA2 {AgeGap=150, NumberOfLayers=5}",300030,00:47.4,6471,5,5,5.827729766,0.051027566,0.3508078,114.8389369,[[0;1][1;0.54349553238503][0.736947946379171;0.608110694625038][0.359694136569402;0.726213700840945][0.0860381237436955;0.866096972304928][...]],0.04371512,10,1792577263,20
"ALPS with NSGA2 {AgeGap=300, NumberOfLayers=5} Run 16",300,[300;600;1200;2700;4800],"ALPS with NSGA2 {AgeGap=300, NumberOfLayers=5}",300030,00:48.3,6955,5,5,4.676623198,0.049912335,0.351128369,115.9900435,[[0;1][1;0.43499585795133][0.788107340146456;0.498415427482357][0.171329381435995;0.766133827363684][0.070570800708098;0.849905793637823][...]],0.047456941,10,1708663028,20
"ALPS with NSGA2 {AgeGap=5, NumberOfLayers=5} Run 16",5,[5;10;20;45;80],"ALPS with NSGA2 {AgeGap=5, NumberOfLayers=5}",300010,00:45.0,5784,5,5,7.327689746,0.052409772,0.365722692,113.3389769,[[0;1][1;0.684895474996371][0.576287440334346;0.762543083410466][0.857966637720488;0.708129743293292][...]],0.046107106,10,1490076470,20
"ALPS with NSGA2 {AgeGap=50, NumberOfLayers=5} Run 16",50,[50;100;200;450;800],"ALPS with NSGA2 {AgeGap=50, NumberOfLayers=5}",300020,00:47.2,6135,5,5,6.38084094,0.059809551,0.410193486,114.2858257,[[0;1][1;0.59588815511045][0.761933032384777;0.644142280905135][0.552439544670516;0.693527668086124][0.278584946620536;0.782365512965653][...]],0.044966717,10,911229479,20
"ALPS with NSGA2 {AgeGap=150, NumberOfLayers=5} Run 16",150,[150;300;600;1350;2400],"ALPS with NSGA2 {AgeGap=150, NumberOfLayers=5}",300030,00:47.6,6471,5,5,5.231030169,0.047686699,0.353594312,115.4356365,[[0;1][1;0.487346413813067][0.39046198849394;0.679658723973686][0.814966015318217;0.537200278746572][0.225737739596282;0.756461226980592][...]],0.050482315,10,2102069069,20
"ALPS with NSGA2 {AgeGap=300, NumberOfLayers=5} Run 17",300,[300;600;1200;2700;4800],"ALPS with NSGA2 {AgeGap=300, NumberOfLayers=5}",300030,00:48.4,6955,5,5,4.942120437,0.046482809,0.362905994,115.7245462,[[0;1][1;0.460302786843226][0.318410511712243;0.695460328694715][0.128250038627509;0.806723558769528][...]],0.045813853,10,2055863114,20
"ALPS with NSGA2 {AgeGap=5, NumberOfLayers=5} Run 17",5,[5;10;20;45;80],"ALPS with NSGA2 {AgeGap=5, NumberOfLayers=5}",300010,00:44.8,5784,5,5,7.323042828,0.05622653,0.344369529,113.3436238,[[0;1][1;0.684764577888696][0.12726053215227;0.887544193905492][0.840934221776262;0.710921821549761][0.298273942049382;0.827835963976248][...]],0.04036649,10,1979606773,20
"ALPS with NSGA2 {AgeGap=50, NumberOfLayers=5} Run 17",50,[50;100;200;450;800],"ALPS with NSGA2 {AgeGap=50, NumberOfLayers=5}",300020,00:47.1,6135,5,5,6.442323077,0.045587018,0.360998014,114.2243436,[[0;1][1;0.601091703336682][0.162112950563717;0.839394115306076][0.329433399608671;0.771040931633529][...]],0.037946483,10,1145466288,20
"ALPS with NSGA2 {AgeGap=150, NumberOfLayers=5} Run 17",150,[150;300;600;1350;2400],"ALPS with NSGA2 {AgeGap=150, NumberOfLayers=5}",300030,00:48.1,6471,5,5,5.722591099,0.061877616,0.330220177,114.9440756,[[0;1][1;0.533752838535948][0.844552784415289;0.571520942674583][0.575163863659336;0.646400227090685][...]],0.039328121,10,1044761717,20
"ALPS with NSGA2 {AgeGap=300, NumberOfLayers=5} Run 18",300,[300;600;1200;2700;4800],"ALPS with NSGA2 {AgeGap=300, NumberOfLayers=5}",300030,00:49.4,6955,5,5,4.678788078,0.056072485,0.325533998,115.9878786,[[0;1][1;0.435446706515073][0.174749118720975;0.764351673904644][0.288462505193882;0.697229948067234][...]],0.044671371,10,579120818,20
"ALPS with NSGA2 {AgeGap=5, NumberOfLayers=5} Run 18",5,[5;10;20;45;80],"ALPS with NSGA2 {AgeGap=5, NumberOfLayers=5}",300010,00:45.3,5784,5,5,6.516423258,0.06020316,0.375859025,114.1502434,[[0;1][1;0.608838895907093][0.256913789002462;0.801733484002929][0.117935757467774;0.86566930308495][0.805501352354283;0.648936029203562][...]],0.04853342,10,1162160676,20
"ALPS with NSGA2 {AgeGap=50, NumberOfLayers=5} Run 18",50,[50;100;200;450;800],"ALPS with NSGA2 {AgeGap=50, NumberOfLayers=5}",300020,00:47.1,6135,5,5,6.121203214,0.051465224,0.388183835,114.5454635,[[0;1][1;0.571135225862535][0.352928802068404;0.745220849600071][0.216866666005597;0.800282781894502][...]],0.041332043,10,2088989856,20
"ALPS with NSGA2 {AgeGap=150, NumberOfLayers=5} Run 18",150,[150;300;600;1350;2400],"ALPS with NSGA2 {AgeGap=150, NumberOfLayers=5}",300030,00:47.9,6471,5,5,4.847127347,0.050653591,0.356728048,115.8195393,[[0;1][1;0.45050776806163][0.821917753933086;0.501832137520293][0.557689874888165;0.589646653437021][0.355525523727042;0.672359950330008][...]],0.04844951,10,179071952,20
"ALPS with NSGA2 {AgeGap=5, NumberOfLayers=5} Run 19",5,[5;10;20;45;80],"ALPS with NSGA2 {AgeGap=5, NumberOfLayers=5}",300010,00:45.1,5784,5,5,6.922828443,0.052000151,0.43062974,113.7438382,[[0;1][1;0.646826569613988][0.115413400402936;0.880031172170818][0.228127406398446;0.831335134514784][...]],0.04486704,10,207787865,20
"ALPS with NSGA2 {AgeGap=300, NumberOfLayers=5} Run 19",300,[300;600;1200;2700;4800],"ALPS with NSGA2 {AgeGap=300, NumberOfLayers=5}",300030,00:48.8,6955,5,5,3.797082225,0.042524568,0.338154924,116.8695844,[[0;1][1;0.351431025197411][0.597629079488428;0.49881981738279][0.851787655395779;0.401051306923271][0.282311542210609;0.655574439218974][...]],0.041693841,10,1725776271,20
"ALPS with NSGA2 {AgeGap=50, NumberOfLayers=5} Run 19",50,[50;100;200;450;800],"ALPS with NSGA2 {AgeGap=50, NumberOfLayers=5}",300020,00:48.1,6135,5,5,6.712310311,0.050973173,0.39892099,113.9543564,[[0;1][1;0.627398488969984][0.747815624248867;0.677788096711568][0.122656797264641;0.869511093523914][...]],0.038877442,10,1681704512,20
"ALPS with NSGA2 {AgeGap=150, NumberOfLayers=5} Run 19",150,[150;300;600;1350;2400],"ALPS with NSGA2 {AgeGap=150, NumberOfLayers=5}",300030,00:50.2,6471,5,5,4.764012282,0.047987847,0.379030197,115.9026544,[[0;1][1;0.443679832605365][0.0994947717442894;0.824554121548405][0.185127448679161;0.76064353892829][...]],0.037490753,10,1864086637,20
"ALPS with NSGA2 {AgeGap=5, NumberOfLayers=5} Run 20",5,[5;10;20;45;80],"ALPS with NSGA2 {AgeGap=5, NumberOfLayers=5}",300010,00:49.0,5784,5,5,7.495157455,0.054360623,0.369853191,113.1715092,[[0;1][1;0.700702898040924][0.844826299850466;0.72490278683085][0.589984308456531;0.770108781632024][0.244313592286002;0.849881908651131][...]],0.0397741,10,228533016,20
"ALPS with NSGA2 {AgeGap=300, NumberOfLayers=5} Run 20",300,[300;600;1200;2700;4800],"ALPS with NSGA2 {AgeGap=300, NumberOfLayers=5}",300030,00:52.8,6955,5,5,4.590825585,0.052504657,0.390824395,116.0758411,[[0;1][1;0.426404181668776][0.735070047005457;0.508477509767423][0.529042089470439;0.583188302830961][...]],0.042198645,10,1567637986,20
"ALPS with NSGA2 {AgeGap=50, NumberOfLayers=5} Run 20",50,[50;100;200;450;800],"ALPS with NSGA2 {AgeGap=50, NumberOfLayers=5}",300020,00:51.1,6135,5,5,6.18243659,0.049851775,0.387834096,114.4842301,[[0;1][1;0.576811622216397][0.483158237756596;0.705843515732728][0.705925364977888;0.644439813371732][...]],0.046391535,10,1459004263,20
"ALPS with NSGA2 {AgeGap=150, NumberOfLayers=5} Run 20",150,[150;300;600;1350;2400],"ALPS with NSGA2 {AgeGap=150, NumberOfLayers=5}",300030,00:50.5,6471,5,5,5.143684784,0.050530208,0.346867758,115.5229819,[[0;1][1;0.478493216838686][0.589688796107709;0.599529272667968][0.305517593658258;0.711744812890357][...]],0.03488065,10,2120314783,20
"ALPS with NSGA2 {AgeGap=300, NumberOfLayers=10} Run 1",300,[300;600;1200;2700;4800;7500;10800;14700;19200;24300],"ALPS with NSGA2 {AgeGap=300, NumberOfLayers=10}",300000,01:03.7,10982,10,8,6.037577273,0.106523188,0.434982509,114.6290894,[[0;1][1;0.555298602029009][0.603057473451322;0.749063508041388][0.316146517999189;0.768911494092417][...]],0.025834381,5,735694777,10
"ALPS with NSGA2 {AgeGap=150, NumberOfLayers=10} Run 1",150,[150;300;600;1350;2400;3750;5400;7350;9600;12150],"ALPS with NSGA2 {AgeGap=150, NumberOfLayers=10}",300015,01:00.3,9026,10,9,5.710976707,0.071954127,0.458382583,114.95569,[[0;1][1;0.527485218072408][0.740080091801265;0.593543258982235][0.430509854450439;0.710695525735597][...]],0.053272744,5,727547377,10
"ALPS with NSGA2 {AgeGap=50, NumberOfLayers=10} Run 1",50,[50;100;200;450;800;1250;1800;2450;3200;4050],"ALPS with NSGA2 {AgeGap=50, NumberOfLayers=10}",300000,00:58.1,7015,10,10,5.230712813,0.066895453,0.493637286,115.4359539,[[0;1][1;0.484116230611051][0.673423306835142;0.576736062744197][0.406098008417827;0.671308829877046][...]],0.080723716,5,91997498,10
"ALPS with NSGA2 {AgeGap=5, NumberOfLayers=10} Run 1",5,[5;10;20;45;80;125;180;245;320;405],"ALPS with NSGA2 {AgeGap=5, NumberOfLayers=10}",300030,00:54.5,5983,10,10,8.088773605,0.056351725,0.43762998,112.5778931,[[0;1][1;0.754417947242955][0.651003574939936;0.801852630184381][0.321424848838009;0.860768869525952][...]],0.037938572,5,72160167,10
"ALPS with NSGA2 {AgeGap=150, NumberOfLayers=10} Run 2",150,[150;300;600;1350;2400;3750;5400;7350;9600;12150],"ALPS with NSGA2 {AgeGap=150, NumberOfLayers=10}",300015,01:04.2,9026,10,9,4.05021915,0.073342671,0.492155842,116.6164475,[[0;1][1;0.361267388408644][0.472346130873223;0.607367527499082][0.420723688678258;0.858576819772344][...]],0.088552669,5,198216765,10
"ALPS with NSGA2 {AgeGap=300, NumberOfLayers=10} Run 2",300,[300;600;1200;2700;4800;7500;10800;14700;19200;24300],"ALPS with NSGA2 {AgeGap=300, NumberOfLayers=10}",300000,01:08.3,10982,10,8,5.939809895,0.092087912,0.466666272,114.7268568,[[0;1][1;0.551293107278437][0.380152970956175;0.723766513223195][0.722753061226407;0.618532352730588][...]],0.050359606,5,2138895301,10
"ALPS with NSGA2 {AgeGap=50, NumberOfLayers=10} Run 2",50,[50;100;200;450;800;1250;1800;2450;3200;4050],"ALPS with NSGA2 {AgeGap=50, NumberOfLayers=10}",300000,01:01.9,7015,10,10,5.890166394,0.062750268,0.435840567,114.7765003,[[0;1][1;0.544851308252905][0.693873890077281;0.624591809018144][0.387747780154563;0.719413596156072][...]],0.057002227,5,1305281013,10
"ALPS with NSGA2 {AgeGap=5, NumberOfLayers=10} Run 2",5,[5;10;20;45;80;125;180;245;320;405],"ALPS with NSGA2 {AgeGap=5, NumberOfLayers=10}",300030,00:57.7,5983,10,10,8.34622802,0.053111781,0.493796802,112.3204386,[[0;1][1;0.775696304846164][0.680111394564286;0.83377714291844][0.656045482128398;0.914636552142522][0.597889789624874;0.925488182360604][...]],0.02650017,5,873902900,10
"ALPS with NSGA2 {AgeGap=150, NumberOfLayers=10} Run 3",150,[150;300;600;1350;2400;3750;5400;7350;9600;12150],"ALPS with NSGA2 {AgeGap=150, NumberOfLayers=10}",300015,01:03.1,9026,10,9,5.945008864,0.07102157,0.415204934,114.7216578,[[0;1][1;0.550263942940902][0.392391309843033;0.722391044769229][0.685198995533979;0.62772311885314][0.188437214779748;0.882117498102184][...]],0.03943375,5,1742534971,10
"ALPS with NSGA2 {AgeGap=300, NumberOfLayers=10} Run 3",300,[300;600;1200;2700;4800;7500;10800;14700;19200;24300],"ALPS with NSGA2 {AgeGap=300, NumberOfLayers=10}",300000,01:06.5,10982,10,8,6.023172967,0.075352075,0.436852322,114.6434937,[[0;1][1;0.557614660734969][0.552343581809255;0.672103383227248][0.422771897710835;0.764385110694483][...]],0.040877274,5,1692327696,10
"ALPS with NSGA2 {AgeGap=5, NumberOfLayers=10} Run 3",5,[5;10;20;45;80;125;180;245;320;405],"ALPS with NSGA2 {AgeGap=5, NumberOfLayers=10}",300030,00:53.8,5983,10,10,7.87983609,0.069538129,0.48413269,112.7868306,[[0;1][1;0.732777280854784][0.408912823649441;0.828807003969588][0.358843755614221;0.943127225075537][...]],0.037615183,5,1195534476,10
"ALPS with NSGA2 {AgeGap=50, NumberOfLayers=10} Run 3",50,[50;100;200;450;800;1250;1800;2450;3200;4050],"ALPS with NSGA2 {AgeGap=50, NumberOfLayers=10}",300000,00:57.5,7015,10,10,6.888670164,0.072158336,0.500547087,113.7779965,[[0;1][1;0.639659412384226][0.699581902174819;0.698607482998638][0.202357901125679;0.837903638881544][...]],0.044721254,5,1978181153,10
"ALPS with NSGA2 {AgeGap=150, NumberOfLayers=10} Run 4",150,[150;300;600;1350;2400;3750;5400;7350;9600;12150],"ALPS with NSGA2 {AgeGap=150, NumberOfLayers=10}",300015,00:59.2,9026,10,9,5.999796394,0.077427212,0.398790391,114.6668703,[[0;1][1;0.554514317455273][0.636218232111154;0.644757423830599][0.479004809673266;0.750396787999596][...]],0.042521026,5,997285902,10
"ALPS with NSGA2 {AgeGap=300, NumberOfLayers=10} Run 4",300,[300;600;1200;2700;4800;7500;10800;14700;19200;24300],"ALPS with NSGA2 {AgeGap=300, NumberOfLayers=10}",300000,01:02.5,10982,10,8,5.681176954,0.073875503,0.389801403,114.9854897,[[0;1][1;0.526717848453865][0.564562204687058;0.644381368909261][0.129124409374116;0.829924937084482][...]],0.053103507,5,2027294514,10
"ALPS with NSGA2 {AgeGap=5, NumberOfLayers=10} Run 4",5,[5;10;20;45;80;125;180;245;320;405],"ALPS with NSGA2 {AgeGap=5, NumberOfLayers=10}",300030,00:52.2,5983,10,10,7.724555207,0.058540013,0.431202088,112.9421115,[[0;1][1;0.71874177429431][0.632787554908621;0.776265361406153][0.310592250946594;0.878404352634352][0.309842182066792;0.953745200830972][...]],0.037009413,5,1140904927,10
"ALPS with NSGA2 {AgeGap=50, NumberOfLayers=10} Run 4",50,[50;100;200;450;800;1250;1800;2450;3200;4050],"ALPS with NSGA2 {AgeGap=50, NumberOfLayers=10}",300000,00:55.8,7015,10,10,5.495254639,0.065178674,0.445362721,115.171412,[[0;1][1;0.507568581316916][0.619154837738823;0.612523480703561][0.238309675477647;0.759609892246098][...]],0.062639244,5,1900438904,10
"ALPS with NSGA2 {AgeGap=150, NumberOfLayers=10} Run 5",150,[150;300;600;1350;2400;3750;5400;7350;9600;12150],"ALPS with NSGA2 {AgeGap=150, NumberOfLayers=10}",300015,00:58.8,9026,10,9,5.355186388,0.058132149,0.46558727,115.3114803,[[0;1][1;0.485284437660346][0.612863025333764;0.749891636238372][0.991425613072418;0.610147136612666][...]],0.035017237,5,1252364436,10
"ALPS with NSGA2 {AgeGap=5, NumberOfLayers=10} Run 5",5,[5;10;20;45;80;125;180;245;320;405],"ALPS with NSGA2 {AgeGap=5, NumberOfLayers=10}",300030,00:52.1,5983,10,10,8.343205269,0.066120058,0.500491932,112.3234614,[[0;1][1;0.778737831543186][0.271352428322422;0.897552487190884][0.641031111883984;0.819108106609498][...]],0.029773955,5,2060573650,10
"ALPS with NSGA2 {AgeGap=50, NumberOfLayers=10} Run 5",50,[50;100;200;450;800;1250;1800;2450;3200;4050],"ALPS with NSGA2 {AgeGap=50, NumberOfLayers=10}",300000,00:54.9,7015,10,10,5.410845578,0.056713744,0.468604875,115.2558211,[[0;1][1;0.499299032255133][0.595999043337688;0.61351253772162][0.211288738828956;0.770130799815449][0.151078599527401;0.9296288514245][...]],0.064823578,5,431008515,10
"ALPS with NSGA2 {AgeGap=300, NumberOfLayers=10} Run 5",300,[300;600;1200;2700;4800;7500;10800;14700;19200;24300],"ALPS with NSGA2 {AgeGap=300, NumberOfLayers=10}",300000,01:02.3,10982,10,8,7.422600526,0.063419023,0.435466456,113.2440661,[[0;1][1;0.689376914636925][0.698814087353912;0.800691430515207][0.140568514142042;0.897324717703657][...]],0.033997008,5,1587337065,10
"ALPS with NSGA2 {AgeGap=5, NumberOfLayers=10} Run 6",5,[5;10;20;45;80;125;180;245;320;405],"ALPS with NSGA2 {AgeGap=5, NumberOfLayers=10}",300030,00:52.0,5983,10,10,8.298069534,0.050715173,0.496514269,112.3685971,[[0;1][1;0.771819056754344][0.703391276067447;0.83718632599691][0.47471943676196;0.904694535919334][0.217590425022764;0.941999101209476][...]],0.035577548,5,1578119910,10
"ALPS with NSGA2 {AgeGap=150, NumberOfLayers=10} Run 6",150,[150;300;600;1350;2400;3750;5400;7350;9600;12150],"ALPS with NSGA2 {AgeGap=150, NumberOfLayers=10}",300015,00:58.4,9026,10,9,6.445265023,0.072867771,0.520225378,114.2214016,[[0;1][1;0.589054453663549][0.878462881691025;0.757464672139351][0.65877724294456;0.814919707339192][0.455902909341764;0.923061524205016][...]],0.043552539,5,1431773776,10
"ALPS with NSGA2 {AgeGap=50, NumberOfLayers=10} Run 6",50,[50;100;200;450;800;1250;1800;2450;3200;4050],"ALPS with NSGA2 {AgeGap=50, NumberOfLayers=10}",300000,00:55.6,7015,10,10,5.640348476,0.059582412,0.478803302,115.0263182,[[0;1][1;0.522078448961135][0.444984491988918;0.681192116138656][0.722492245994459;0.593768861508905][...]],0.070367947,5,929950195,10
"ALPS with NSGA2 {AgeGap=300, NumberOfLayers=10} Run 6",300,[300;600;1200;2700;4800;7500;10800;14700;19200;24300],"ALPS with NSGA2 {AgeGap=300, NumberOfLayers=10}",300000,01:02.4,10982,10,8,5.726733201,0.086966638,0.423489788,114.9399335,[[0;1][0.998357564215502;0.531137390744057][0.704973629850845;0.60602685112279][0.379616034512125;0.710912005786303][...]],0.042483958,5,62331145,10
"ALPS with NSGA2 {AgeGap=5, NumberOfLayers=10} Run 7",5,[5;10;20;45;80;125;180;245;320;405],"ALPS with NSGA2 {AgeGap=5, NumberOfLayers=10}",300030,00:51.7,5983,10,10,8.126291544,0.052470244,0.448742002,112.5403751,[[0;1][1;0.757123173471217][0.61138014301674;0.810749373130819][0.400534137431934;0.874043988201858][0.190236920764337;0.954885707040507][...]],0.030638949,5,275376372,10
"ALPS with NSGA2 {AgeGap=150, NumberOfLayers=10} Run 7",150,[150;300;600;1350;2400;3750;5400;7350;9600;12150],"ALPS with NSGA2 {AgeGap=150, NumberOfLayers=10}",300015,00:58.3,9026,10,9,6.05876433,0.069798344,0.442812958,114.6079023,[[0;1][1;0.562322984553336][0.581694104975122;0.657881714875948][0.163388209950243;0.854820056453371][...]],0.045608506,5,225195390,10
"ALPS with NSGA2 {AgeGap=50, NumberOfLayers=10} Run 7",50,[50;100;200;450;800;1250;1800;2450;3200;4050],"ALPS with NSGA2 {AgeGap=50, NumberOfLayers=10}",300000,00:55.3,7015,10,10,6.533505382,0.062336451,0.448229421,114.1331613,[[0;1][1;0.60429393807049][0.629603860406189;0.736484597321157][0.172571629616666;0.832782672544552][0.984813945348349;0.719121360876951][...]],0.029879147,5,1899117918,10
"ALPS with NSGA2 {AgeGap=300, NumberOfLayers=10} Run 7",300,[300;600;1200;2700;4800;7500;10800;14700;19200;24300],"ALPS with NSGA2 {AgeGap=300, NumberOfLayers=10}",300000,01:02.3,10982,10,8,5.316009748,0.071508079,0.423109221,115.3506569,[[0;1][1;0.490944800497494][0.179902221677261;0.83549955576071][0.667219396259003;0.609989957788468][0.423560808968132;0.689238223150075][...]],0.041208591,5,457912963,10
"ALPS with NSGA2 {AgeGap=5, NumberOfLayers=10} Run 8",5,[5;10;20;45;80;125;180;245;320;405],"ALPS with NSGA2 {AgeGap=5, NumberOfLayers=10}",300030,00:51.9,5983,10,10,7.509746073,0.058882408,0.464230614,113.1569206,[[0;1][1;0.695703488891265][0.823259757757866;0.790119347167854][0.5;0.85233176707859][0.299786449919334;0.885022234084872][...]],0.046008332,5,695815306,10
"ALPS with NSGA2 {AgeGap=150, NumberOfLayers=10} Run 8",150,[150;300;600;1350;2400;3750;5400;7350;9600;12150],"ALPS with NSGA2 {AgeGap=150, NumberOfLayers=10}",300015,00:58.6,9026,10,9,5.810873087,0.063033279,0.431206534,114.8557936,[[0;1][1;0.538569203300655][0.597751003474742;0.643247739476747][0.356878527979704;0.747275465609039][...]],0.034343474,5,2051871315,10
"ALPS with NSGA2 {AgeGap=50, NumberOfLayers=10} Run 8",50,[50;100;200;450;800;1250;1800;2450;3200;4050],"ALPS with NSGA2 {AgeGap=50, NumberOfLayers=10}",300000,00:55.5,7015,10,10,4.628400892,0.071743152,0.448457881,116.0382658,[[0;1][1;0.42339325949543][0.699690196965088;0.517682955547436][0.380996861636471;0.644089816781044][0.332263705690217;0.881636181634879][...]],0.08450987,5,177683252,10
"ALPS with NSGA2 {AgeGap=300, NumberOfLayers=10} Run 8",300,[300;600;1200;2700;4800;7500;10800;14700;19200;24300],"ALPS with NSGA2 {AgeGap=300, NumberOfLayers=10}",300000,01:03.3,10982,10,8,6.619810762,0.118028833,0.417424053,114.0468559,[[0;1][1;0.613673048142345][0.572614360368044;0.733275809224351][0.273949769980266;0.812159227301937][...]],0.035750641,5,1543122090,10
"ALPS with NSGA2 {AgeGap=5, NumberOfLayers=10} Run 9",5,[5;10;20;45;80;125;180;245;320;405],"ALPS with NSGA2 {AgeGap=5, NumberOfLayers=10}",300030,00:52.9,5983,10,10,8.009321097,0.074176649,0.427252914,112.6573456,[[0;1][0.999924796408302;0.747382987089109][0.198299336735019;0.88821236594994][0.599112066571661;0.804460656408535][...]],0.044888298,5,2113192781,10
"ALPS with NSGA2 {AgeGap=50, NumberOfLayers=10} Run 9",50,[50;100;200;450;800;1250;1800;2450;3200;4050],"ALPS with NSGA2 {AgeGap=50, NumberOfLayers=10}",300000,00:56.4,7015,10,10,5.977947837,0.068907164,0.458063758,114.6887188,[[0;1][1;0.548932872769904][0.728915951256485;0.614894337039582][0.617409804091703;0.752928372508433][...]],0.045875877,5,1056882486,10
"ALPS with NSGA2 {AgeGap=150, NumberOfLayers=10} Run 9",150,[150;300;600;1350;2400;3750;5400;7350;9600;12150],"ALPS with NSGA2 {AgeGap=150, NumberOfLayers=10}",300015,00:59.1,9026,10,9,5.886385354,0.069918202,0.438820031,114.7802813,[[0;1][1;0.544754264839448][0.623144436485404;0.635653578994245][0.228492836225104;0.785611160934954][...]],0.039117772,5,363330012,10
"ALPS with NSGA2 {AgeGap=300, NumberOfLayers=10} Run 9",300,[300;600;1200;2700;4800;7500;10800;14700;19200;24300],"ALPS with NSGA2 {AgeGap=300, NumberOfLayers=10}",300000,01:03.1,10982,10,8,6.266896269,0.060969497,0.449426648,114.3997704,[[0;1][1;0.580296767519178][0.617601577844948;0.670165171501536][0.407995598528187;0.758982990533148][...]],0.048087688,5,981115651,10
"ALPS with NSGA2 {AgeGap=5, NumberOfLayers=10} Run 10",5,[5;10;20;45;80;125;180;245;320;405],"ALPS with NSGA2 {AgeGap=5, NumberOfLayers=10}",300030,00:52.7,5983,10,10,8.329076669,0.056357516,0.478544242,112.33759,[[0;1][1;0.776953809069343][0.591518736801564;0.821492082526193][0.242226744113621;0.911674819941519][...]],0.032009204,5,1398078972,10
"ALPS with NSGA2 {AgeGap=50, NumberOfLayers=10} Run 10",50,[50;100;200;450;800;1250;1800;2450;3200;4050],"ALPS with NSGA2 {AgeGap=50, NumberOfLayers=10}",300000,00:56.0,7015,10,10,6.656458546,0.057134564,0.45928915,114.0102081,[[0;1][1;0.61783296286363][0.62827063863039;0.697080935197555][0.264981253545607;0.823309210103981][0.176180353700894;0.900299888973463][...]],0.041144584,5,839069312,10
"ALPS with NSGA2 {AgeGap=150, NumberOfLayers=10} Run 10",150,[150;300;600;1350;2400;3750;5400;7350;9600;12150],"ALPS with NSGA2 {AgeGap=150, NumberOfLayers=10}",300015,00:59.3,9026,10,9,5.396737221,0.081055974,0.458432657,115.2699294,[[0;1][1;0.497866691748325][0.682458502639376;0.585182418542329][0.296578855212612;0.772479388322128][...]],0.055515568,5,2110657415,10
"ALPS with NSGA2 {AgeGap=5, NumberOfLayers=10} Run 11",5,[5;10;20;45;80;125;180;245;320;405],"ALPS with NSGA2 {AgeGap=5, NumberOfLayers=10}",300030,00:51.8,5983,10,10,7.857567668,0.073007177,0.480435445,112.809099,[[0;1][1;0.730185588882288][0.428423084407588;0.863327169183978][0.784614213516389;0.761007605236333][...]],0.045454761,5,674325760,10
"ALPS with NSGA2 {AgeGap=300, NumberOfLayers=10} Run 10",300,[300;600;1200;2700;4800;7500;10800;14700;19200;24300],"ALPS with NSGA2 {AgeGap=300, NumberOfLayers=10}",300000,01:02.4,10982,10,8,4.931688174,0.078215286,0.459555842,115.7349785,[[0;1][1;0.451264393163377][0.439872266428055;0.636424792255417][0.234089073751639;0.802310770100824][...]],0.055753584,5,1857646349,10
"ALPS with NSGA2 {AgeGap=50, NumberOfLayers=10} Run 11",50,[50;100;200;450;800;1250;1800;2450;3200;4050],"ALPS with NSGA2 {AgeGap=50, NumberOfLayers=10}",300000,00:56.0,7015,10,10,6.268668581,0.107814319,0.457457628,114.3979981,[[0;1][1;0.582508280899144][0.439665397316278;0.723172641159889][0.719832698658139;0.645787689287781][...]],0.056896711,5,271563388,10
"ALPS with NSGA2 {AgeGap=150, NumberOfLayers=10} Run 11",150,[150;300;600;1350;2400;3750;5400;7350;9600;12150],"ALPS with NSGA2 {AgeGap=150, NumberOfLayers=10}",300015,00:58.7,9026,10,9,6.021965817,0.064042298,0.465611532,114.6447009,[[0;1][1;0.556640097445772][0.158382646355747;0.839664032484027][0.517261191708778;0.765361227620962][...]],0.056627987,5,1449710393,10
"ALPS with NSGA2 {AgeGap=5, NumberOfLayers=10} Run 12",5,[5;10;20;45;80;125;180;245;320;405],"ALPS with NSGA2 {AgeGap=5, NumberOfLayers=10}",300030,00:52.0,5983,10,10,8.079057433,0.064768791,0.396448397,112.5876092,[[0;1][1;0.75393070739947][0.661159166279731;0.803220409590523][0.322318332559462;0.862605437845152][0.147094582886278;0.931093406468505][...]],0.040365919,5,1034276769,10
"ALPS with NSGA2 {AgeGap=300, NumberOfLayers=10} Run 11",300,[300;600;1200;2700;4800;7500;10800;14700;19200;24300],"ALPS with NSGA2 {AgeGap=300, NumberOfLayers=10}",300000,01:02.2,10982,10,8,6.796331187,0.082850655,0.483237798,113.8703355,[[0;1][1;0.631857756200821][0.351615530332886;0.781750878228999][0.658227970340392;0.73364739815159][0.143068409045525;0.875823146568422][...]],0.042575151,5,1331463170,10
"ALPS with NSGA2 {AgeGap=50, NumberOfLayers=10} Run 12",50,[50;100;200;450;800;1250;1800;2450;3200;4050],"ALPS with NSGA2 {AgeGap=50, NumberOfLayers=10}",300000,00:55.9,7015,10,10,6.49105341,0.060542458,0.478888637,114.1756133,[[0;1][0.990024576705612;0.602190890482588][0.608104342134469;0.692605482970722][0.315457864909772;0.778599934863694][...]],0.035026699,5,893455380,10
"ALPS with NSGA2 {AgeGap=150, NumberOfLayers=10} Run 12",150,[150;300;600;1350;2400;3750;5400;7350;9600;12150],"ALPS with NSGA2 {AgeGap=150, NumberOfLayers=10}",300015,00:58.8,9026,10,9,6.20490027,0.073774883,0.446745748,114.4617664,[[0;1][0.975148692703473;0.576954790875255][0.409883905927604;0.725727798329712][0.131469906470833;0.844666711474657][...]],0.039769557,5,1329269697,10
"ALPS with NSGA2 {AgeGap=5, NumberOfLayers=10} Run 13",5,[5;10;20;45;80;125;180;245;320;405],"ALPS with NSGA2 {AgeGap=5, NumberOfLayers=10}",300030,00:51.8,5983,10,10,7.896393529,0.06118038,0.489197633,112.7702731,[[0;1][1;0.737130020647613][0.635846113307712;0.790387576286319][0.294920374317236;0.856105047165304][...]],0.041587595,5,1845965404,10
"ALPS with NSGA2 {AgeGap=300, NumberOfLayers=10} Run 12",300,[300;600;1200;2700;4800;7500;10800;14700;19200;24300],"ALPS with NSGA2 {AgeGap=300, NumberOfLayers=10}",300000,01:02.3,10982,10,8,5.938682576,0.087357953,0.480157337,114.7279841,[[0;1][1;0.550123578170867][0.630788601211694;0.642676383748537][0.419665858650883;0.747331724416786][...]],0.045136902,5,1214366585,10
"ALPS with NSGA2 {AgeGap=50, NumberOfLayers=10} Run 13",50,[50;100;200;450;800;1250;1800;2450;3200;4050],"ALPS with NSGA2 {AgeGap=50, NumberOfLayers=10}",300000,00:56.1,7015,10,10,6.658034161,0.053498201,0.481162407,114.0086325,[[0;1][1;0.616126607522571][0.737754468651318;0.727875884268483][0.401622926885582;0.778487772804377][...]],0.04307992,5,1928749255,10
"ALPS with NSGA2 {AgeGap=150, NumberOfLayers=10} Run 13",150,[150;300;600;1350;2400;3750;5400;7350;9600;12150],"ALPS with NSGA2 {AgeGap=150, NumberOfLayers=10}",300015,00:58.7,9026,10,9,6.115564526,0.075702299,0.427298643,114.5511021,[[0;1][1;0.565817911828786][0.446557685343114;0.71440361711564][0.997176128022946;0.573224131046201][0.126806761217632;0.844388737943215][...]],0.037449977,5,611722201,10
"ALPS with NSGA2 {AgeGap=5, NumberOfLayers=10} Run 14",5,[5;10;20;45;80;125;180;245;320;405],"ALPS with NSGA2 {AgeGap=5, NumberOfLayers=10}",300030,00:52.4,5983,10,10,7.49252284,0.066885206,0.425110359,113.1741438,[[0;1][1;0.696958341565817][0.352438846481686;0.820094591546377][0.786304819338956;0.731281353834225][...]],0.049354236,5,788679598,10
"ALPS with NSGA2 {AgeGap=300, NumberOfLayers=10} Run 13",300,[300;600;1200;2700;4800;7500;10800;14700;19200;24300],"ALPS with NSGA2 {AgeGap=300, NumberOfLayers=10}",300000,01:02.9,10982,10,8,5.637948314,0.073787818,0.483069675,115.0287184,[[0;1][1;0.518093813079835][0.36408535858388;0.783383035160023][0.740552677259012;0.63096554560889][0.599394071943168;0.677734723267238][...]],0.046191871,5,1654547983,10
"ALPS with NSGA2 {AgeGap=50, NumberOfLayers=10} Run 14",50,[50;100;200;450;800;1250;1800;2450;3200;4050],"ALPS with NSGA2 {AgeGap=50, NumberOfLayers=10}",300000,00:56.4,7015,10,10,5.995319203,0.061715093,0.438551167,114.6713475,[[0;1][1;0.553908674329218][0.62353543633683;0.64792319461295][0.334514033397916;0.811356452542574][0.131697684930776;0.888499962861053][...]],0.045183953,5,1027995748,10
"ALPS with NSGA2 {AgeGap=5, NumberOfLayers=10} Run 15",5,[5;10;20;45;80;125;180;245;320;405],"ALPS with NSGA2 {AgeGap=5, NumberOfLayers=10}",300030,00:53.0,5983,10,10,7.515513538,0.067618968,0.416824312,113.1511531,[[0;1][1;0.699668732109262][0.706445316955646;0.747570664065684][0.412890633911292;0.807017439110108][...]],0.049856469,5,1305058514,10
"ALPS with NSGA2 {AgeGap=150, NumberOfLayers=10} Run 14",150,[150;300;600;1350;2400;3750;5400;7350;9600;12150],"ALPS with NSGA2 {AgeGap=150, NumberOfLayers=10}",300015,00:59.3,9026,10,9,5.971871257,0.058045938,0.422316174,114.6947954,[[0;1][0.994703872541556;0.551440747144452][0.691836701831479;0.67025149719637][0.433319515729836;0.751232987521595][...]],0.030924772,5,688541007,10
"ALPS with NSGA2 {AgeGap=50, NumberOfLayers=10} Run 15",50,[50;100;200;450;800;1250;1800;2450;3200;4050],"ALPS with NSGA2 {AgeGap=50, NumberOfLayers=10}",300000,00:56.0,7015,10,10,5.187856594,0.071706293,0.434433794,115.4788101,[[0;1][1;0.478320216508529][0.68126070411945;0.5694132352335][0.377736581812544;0.698266512002807][0.202754072504627;0.818709746500612][...]],0.082855906,5,29666353,10
"ALPS with NSGA2 {AgeGap=300, NumberOfLayers=10} Run 14",300,[300;600;1200;2700;4800;7500;10800;14700;19200;24300],"ALPS with NSGA2 {AgeGap=300, NumberOfLayers=10}",300000,01:02.8,10982,10,8,6.757373631,0.068620233,0.460771457,113.909293,[[0;1][1;0.627552751663594][0.626775115986315;0.728521750324101][0.152902651515668;0.866310200144619][...]],0.041958235,5,1945080829,10
"ALPS with NSGA2 {AgeGap=5, NumberOfLayers=10} Run 16",5,[5;10;20;45;80;125;180;245;320;405],"ALPS with NSGA2 {AgeGap=5, NumberOfLayers=10}",300030,00:52.6,5983,10,10,8.003342792,0.06308522,0.451854794,112.6633239,[[0;1][1;0.745183979526554][0.621433959653251;0.799111882416795][0.449786590358035;0.833839252107568][...]],0.033651607,5,1944267442,10
"ALPS with NSGA2 {AgeGap=150, NumberOfLayers=10} Run 15",150,[150;300;600;1350;2400;3750;5400;7350;9600;12150],"ALPS with NSGA2 {AgeGap=150, NumberOfLayers=10}",300015,00:58.4,9026,10,9,5.580622113,0.06736787,0.41496458,115.0860446,[[0;1][1;0.512394239380451][0.438927713170714;0.715991525137819][0.78541467100125;0.666229230416222][0.139955119067733;0.8716628973484][...]],0.043019661,5,1913699911,10
"ALPS with NSGA2 {AgeGap=50, NumberOfLayers=10} Run 16",50,[50;100;200;450;800;1250;1800;2450;3200;4050],"ALPS with NSGA2 {AgeGap=50, NumberOfLayers=10}",300000,00:55.6,7015,10,10,6.375081379,0.052496529,0.44523062,114.2915853,[[0;1][1;0.589867741220218][0.10065079199984;0.892371263934548][0.32798405292708;0.789978332325661][0.66399202646354;0.716956628660619][...]],0.028065144,5,446582494,10
"ALPS with NSGA2 {AgeGap=5, NumberOfLayers=10} Run 17",5,[5;10;20;45;80;125;180;245;320;405],"ALPS with NSGA2 {AgeGap=5, NumberOfLayers=10}",300030,00:52.1,5983,10,10,7.938712798,0.07023145,0.490353208,112.7279539,[[0;1][1;0.739868620111913][0.670460738607272;0.787000089831017][0.340921477214544;0.848113237372344][...]],0.040829524,5,178087594,10
"ALPS with NSGA2 {AgeGap=300, NumberOfLayers=10} Run 15",300,[300;600;1200;2700;4800;7500;10800;14700;19200;24300],"ALPS with NSGA2 {AgeGap=300, NumberOfLayers=10}",300000,01:02.0,10982,10,8,6.414881707,0.08904107,0.471081734,114.251785,[[0;1][1;0.593769051245448][0.659576961004377;0.670899392734141][0.319153922008755;0.783388319625598][...]],0.046517314,5,847368050,10
"ALPS with NSGA2 {AgeGap=150, NumberOfLayers=10} Run 16",150,[150;300;600;1350;2400;3750;5400;7350;9600;12150],"ALPS with NSGA2 {AgeGap=150, NumberOfLayers=10}",300015,00:58.5,9026,10,9,5.390232291,0.078521586,0.42731316,115.2764344,[[0;1][1;0.497031223681006][0.657915527191704;0.591998648640152][0.330859346311559;0.718222214963349][...]],0.056477693,5,1838147303,10
"ALPS with NSGA2 {AgeGap=5, NumberOfLayers=10} Run 18",5,[5;10;20;45;80;125;180;245;320;405],"ALPS with NSGA2 {AgeGap=5, NumberOfLayers=10}",300030,00:52.5,5983,10,10,8.372399811,0.061314097,0.410271094,112.2942669,[[0;1][1;0.781199754435458][0.708158425928167;0.815874890326614][0.371417787729007;0.866654257330802][...]],0.038655593,5,435059063,10
"ALPS with NSGA2 {AgeGap=50, NumberOfLayers=10} Run 17",50,[50;100;200;450;800;1250;1800;2450;3200;4050],"ALPS with NSGA2 {AgeGap=50, NumberOfLayers=10}",300000,00:55.7,7015,10,10,5.833698126,0.059947879,0.457490003,114.8329685,[[0;1][1;0.541234660088324][0.624869607739354;0.637351988699838][0.337495922227951;0.733483031887647][...]],0.053109865,5,1514644444,10
"ALPS with NSGA2 {AgeGap=300, NumberOfLayers=10} Run 16",300,[300;600;1200;2700;4800;7500;10800;14700;19200;24300],"ALPS with NSGA2 {AgeGap=300, NumberOfLayers=10}",300000,01:02.1,10982,10,8,5.994434416,0.077074661,0.435505876,114.6722323,[[0;1][1;0.556673198224796][0.647251943364597;0.643535042977685][0.351602376065459;0.730152543041776][...]],0.027488404,5,1229825342,10
"ALPS with NSGA2 {AgeGap=150, NumberOfLayers=10} Run 17",150,[150;300;600;1350;2400;3750;5400;7350;9600;12150],"ALPS with NSGA2 {AgeGap=150, NumberOfLayers=10}",300015,00:58.6,9026,10,9,5.80590517,0.065795932,0.473435466,114.8607615,[[0;1][1;0.534553107560529][0.388743317858112;0.710635988619348][0.856790378242648;0.695205864404184][...]],0.039936009,5,633955890,10
"ALPS with NSGA2 {AgeGap=5, NumberOfLayers=10} Run 19",5,[5;10;20;45;80;125;180;245;320;405],"ALPS with NSGA2 {AgeGap=5, NumberOfLayers=10}",300030,00:52.4,5983,10,10,7.861750907,0.054883476,0.469417782,112.8049158,[[0;1][1;0.732607568634438][0.313786448441797;0.850215731744064][0.68588599481662;0.778550309439423][0.22908125392309;0.969927631669128][...]],0.04230179,5,970412028,10
"ALPS with NSGA2 {AgeGap=50, NumberOfLayers=10} Run 18",50,[50;100;200;450;800;1250;1800;2450;3200;4050],"ALPS with NSGA2 {AgeGap=50, NumberOfLayers=10}",300000,00:55.9,7015,10,10,5.802981788,0.060399949,0.4399672,114.8636849,[[0;1][1;0.537439951522577][0.564485235025745;0.651780873238415][0.31083087406657;0.743517278183353][0.179631168088193;0.859211307764882][...]],0.053329189,5,159789276,10
"ALPS with NSGA2 {AgeGap=300, NumberOfLayers=10} Run 17",300,[300;600;1200;2700;4800;7500;10800;14700;19200;24300],"ALPS with NSGA2 {AgeGap=300, NumberOfLayers=10}",300000,01:02.2,10982,10,8,6.575034057,0.077419703,0.445878423,114.0916326,[[0;1][1;0.608919193796798][0.344588625379357;0.771214359828365][0.327009691718708;0.922993740227583][...]],0.034993127,5,502359932,10
"ALPS with NSGA2 {AgeGap=150, NumberOfLayers=10} Run 18",150,[150;300;600;1350;2400;3750;5400;7350;9600;12150],"ALPS with NSGA2 {AgeGap=150, NumberOfLayers=10}",300015,00:58.8,9026,10,9,6.125411677,0.102776651,0.456386151,114.541255,[[0;1][1;0.565484225022146][0.654742330871454;0.715527489244517][0.383813390355999;0.766434040280796][...]],0.038127442,5,413295124,10
"ALPS with NSGA2 {AgeGap=5, NumberOfLayers=10} Run 20",5,[5;10;20;45;80;125;180;245;320;405],"ALPS with NSGA2 {AgeGap=5, NumberOfLayers=10}",300030,00:52.4,5983,10,10,7.653933982,0.060964617,0.470451402,113.0127327,[[0;1][1;0.709734231361491][0.616478044258342;0.772094592926172][0.570760327141213;0.911890975877974][...]],0.043531824,5,1624163297,10
"ALPS with NSGA2 {AgeGap=50, NumberOfLayers=10} Run 19",50,[50;100;200;450;800;1250;1800;2450;3200;4050],"ALPS with NSGA2 {AgeGap=50, NumberOfLayers=10}",300000,00:55.4,7015,10,10,7.288546343,0.062104767,0.425089052,113.3781203,[[0;1][1;0.67954075020463][0.45157086286507;0.784654581092087][0.174485078564567;0.866139649346173][0.728656647165573;0.726452839336929][...]],0.036504162,5,202927301,10
"ALPS with NSGA2 {AgeGap=150, NumberOfLayers=10} Run 19",150,[150;300;600;1350;2400;3750;5400;7350;9600;12150],"ALPS with NSGA2 {AgeGap=150, NumberOfLayers=10}",300015,00:56.3,9026,10,9,6.669065482,0.081229066,0.474692116,113.9976012,[[0;1][1;0.620340420412575][0.464736932046153;0.743267013967161][0.139254730393567;0.865477950414466][...]],0.032745575,5,1160210388,10
"ALPS with NSGA2 {AgeGap=300, NumberOfLayers=10} Run 18",300,[300;600;1200;2700;4800;7500;10800;14700;19200;24300],"ALPS with NSGA2 {AgeGap=300, NumberOfLayers=10}",300000,00:59.6,10982,10,8,6.267599173,0.081139458,0.470455169,114.3990675,[[0;1][1;0.579650150114276][0.654483475534002;0.659816317351901][0.353505256655185;0.772567238513915][...]],0.047351948,5,1904166402,10
"ALPS with NSGA2 {AgeGap=50, NumberOfLayers=10} Run 20",50,[50;100;200;450;800;1250;1800;2450;3200;4050],"ALPS with NSGA2 {AgeGap=50, NumberOfLayers=10}",300000,00:51.5,7015,10,10,6.437127436,0.061772356,0.505401771,114.2295392,[[0;1][1;0.594619311016111][0.679738547748521;0.720969698559841][0.359477095497043;0.7831831514079][0.215556957291415;0.899501196015006][...]],0.049542171,5,128409517,10
"ALPS with NSGA2 {AgeGap=150, NumberOfLayers=10} Run 20",150,[150;300;600;1350;2400;3750;5400;7350;9600;12150],"ALPS with NSGA2 {AgeGap=150, NumberOfLayers=10}",300015,00:52.3,9026,10,9,6.287584136,0.065808213,0.459529837,114.3790825,[[0;1][0.999222908452184;0.584466907211018][0.56765129389104;0.676551097579837][0.20438874650682;0.807470185791976][...]],0.040170624,5,2043157073,10
"ALPS with NSGA2 {AgeGap=300, NumberOfLayers=10} Run 19",300,[300;600;1200;2700;4800;7500;10800;14700;19200;24300],"ALPS with NSGA2 {AgeGap=300, NumberOfLayers=10}",300000,00:55.2,10982,10,8,6.024221992,0.077306421,0.450903715,114.6424447,[[0;1][1;0.553943980346567][0.627864699182455;0.649392284892373][0.312303586730986;0.86273423995392][0.622270412058424;0.798584025179706][...]],0.046267138,5,878351622,10
"ALPS with NSGA2 {AgeGap=300, NumberOfLayers=10} Run 20",300,[300;600;1200;2700;4800;7500;10800;14700;19200;24300],"ALPS with NSGA2 {AgeGap=300, NumberOfLayers=10}",300000,00:51.5,10982,10,8,6.620406843,0.073916163,0.458936898,114.0462598,[[0;1][1;0.614315802626534][0.685398549294133;0.686807387311902][0.331417045521747;0.782155348127917][...]],0.019693224,5,1529404639,10
