,AgeGap,AgeLimits,Algorithm Name,EvaluatedSolutions,Execution Time,Generations,NonDominatedElites,NumberOfLayers,OpenLayers,ParetoFrontResults.Absolute Distance to BestKnownHypervolume,ParetoFrontResults.Best known hypervolume,ParetoFrontResults.Crowding,ParetoFrontResults.Generational Distance,ParetoFrontResults.Hypervolume,ParetoFrontResults.Pareto Front,ParetoFrontResults.Spacing,PopulationSize,Seed,SelectedParents
"ALPS with NSGA2 {NumberOfLayers=5, AgeGap=5, NonDominatedElites=1} Run 10",5,[5;10;20;45;80],"ALPS with NSGA2 {NumberOfLayers=5, AgeGap=5, NonDominatedElites=1}",300010,16:46.8,5784,1,5,5,461.190447,1330.381387,9.451831718,9.873151464,869.1909405,[[0;0;15.7555095395713][11.913802044333;0;0][0;11.9143564800989;0][5.17464810635319;6.46091750355831;0.163652135948142][...]],1.163606167,10,440752405,20
"ALPS with NSGA2 {NumberOfLayers=5, AgeGap=5, NonDominatedElites=0} Run 11",5,[5;10;20;45;80],"ALPS with NSGA2 {NumberOfLayers=5, AgeGap=5, NonDominatedElites=0}",300010,16:47.9,5784,0,5,5,514.6326485,1330.381387,9.732281693,10.95215042,815.748739,[[0;14.7406731219583;0][0;0;10.563718871498][14.7406731223724;0;0][3.4054082661263;3.3411709329537;7.99409392824786][...]],1.25374956,10,2084858386,20
"ALPS with NSGA2 {NumberOfLayers=10, AgeGap=150, NonDominatedElites=0} Run 8",150,[150;300;600;1350;2400;3750;5400;7350;9600;12150],"ALPS with NSGA2 {NumberOfLayers=10, AgeGap=150, NonDominatedElites=0}",300015,32:27.3,9026,0,10,9,0.056982242,1330.995492,0.708206922,0.038340558,1330.93851,[[0;0;0.500659113369661][0.500659113369661;0;0][0;0.500535183392003;0][0.241598650310092;0.186438205018045;0.142678951776046][...]],0.087649347,5,1692644411,10
"ALPS with NSGA2 {NumberOfLayers=5, AgeGap=5, NonDominatedElites=0} Run 12",5,[5;10;20;45;80],"ALPS with NSGA2 {NumberOfLayers=5, AgeGap=5, NonDominatedElites=0}",300010,16:59.4,5784,0,5,5,34.47343603,1330.381387,3.911282119,3.994521575,1295.907951,[[0;0;5.67960996313498][0;5.67961042928352;0][5.67961042928352;0;0][1.07599549789589;1.66240795067416;2.94120711019389][...]],0.614215024,10,2100690991,20
"ALPS with NSGA2 {NumberOfLayers=5, AgeGap=5, NonDominatedElites=1} Run 11",5,[5;10;20;45;80],"ALPS with NSGA2 {NumberOfLayers=5, AgeGap=5, NonDominatedElites=1}",300010,17:01.5,5784,1,5,5,2.164516591,1330.64971,1.994628982,1.731569141,1328.485193,[[0;0;2.73379785705315][0;2.73379785705315;0][2.73379785705315;0;0][0.35254584747596;0.273064834208255;2.10795578110475][...]],0.172135804,10,1244233162,20
"ALPS with NSGA2 {NumberOfLayers=10, AgeGap=150, NonDominatedElites=1} Run 9",150,[150;300;600;1350;2400;3750;5400;7350;9600;12150],"ALPS with NSGA2 {NumberOfLayers=10, AgeGap=150, NonDominatedElites=1}",300015,38:23.1,9026,1,10,9,0.043827623,1330.99673,1.029835472,0.005116737,1330.952902,[[0;0;0.500000217502905][0.500000217502905;0;0][0;0.500000217502905;0][0.110082536061662;0.110082536061662;0.27983514537958][...]],0.039536247,5,1976673574,10
"ALPS with NSGA2 {NumberOfLayers=5, AgeGap=5, NonDominatedElites=0} Run 13",5,[5;10;20;45;80],"ALPS with NSGA2 {NumberOfLayers=5, AgeGap=5, NonDominatedElites=0}",300010,16:10.4,5784,0,5,5,64.77958765,1330.630345,5.038033429,5.099840971,1265.850757,[[7.1027839056745;0;0][0;0;7.1027607598758][0;7.10273513098319;0][0.922858439258792;5.72846449945603;0.45146407512283][...]],0.575493467,10,635099718,20
"ALPS with NSGA2 {NumberOfLayers=5, AgeGap=5, NonDominatedElites=1} Run 12",5,[5;10;20;45;80],"ALPS with NSGA2 {NumberOfLayers=5, AgeGap=5, NonDominatedElites=1}",300010,16:11.9,5784,1,5,5,26.09819963,1330.381387,3.928432402,3.888335696,1304.283188,[[0;0;5.5038880125685][0;5.50388802637062;0][5.5038880125685;0;0][0.650829259829157;0.979986607240349;3.89424325605948][...]],0.455531802,10,649687722,20
"ALPS with NSGA2 {NumberOfLayers=10, AgeGap=150, NonDominatedElites=0} Run 9",150,[150;300;600;1350;2400;3750;5400;7350;9600;12150],"ALPS with NSGA2 {NumberOfLayers=10, AgeGap=150, NonDominatedElites=0}",300015,30:58.6,9026,0,10,9,0.046975744,1330.99136,0.562222823,0.075856614,1330.944384,[[0;0.500009704036597;0][0.500009692997072;0;0][0;0;0.500009745799101][0.166937518601446;0.371214712511037;0.24966875029852][...]],0.073552421,5,983191486,10
"ALPS with NSGA2 {NumberOfLayers=5, AgeGap=5, NonDominatedElites=0} Run 14",5,[5;10;20;45;80],"ALPS with NSGA2 {NumberOfLayers=5, AgeGap=5, NonDominatedElites=0}",300010,17:07.5,5784,0,5,5,18.02341531,1330.381387,2.693261962,2.687469919,1312.357972,[[3.99353350123964;0;0][0;0;3.99353350123964][0;3.99353350123964;0][0.642140497390676;2.08860912315939;1.26278388068958][...]],0.290134658,10,175231390,20
"ALPS with NSGA2 {NumberOfLayers=5, AgeGap=5, NonDominatedElites=1} Run 13",5,[5;10;20;45;80],"ALPS with NSGA2 {NumberOfLayers=5, AgeGap=5, NonDominatedElites=1}",300010,17:08.7,5784,1,5,5,9.885062977,1330.381387,3.353840179,3.30823254,1320.496325,[[0;0;4.69698340754602][4.69698340754602;0;0][0;4.69698340754602;0][0.659651932585257;3.19707570606075;0.840255768900007][...]],0.420227552,10,2067765844,20
"ALPS with NSGA2 {NumberOfLayers=10, AgeGap=150, NonDominatedElites=1} Run 10",150,[150;300;600;1350;2400;3750;5400;7350;9600;12150],"ALPS with NSGA2 {NumberOfLayers=10, AgeGap=150, NonDominatedElites=1}",300015,31:56.8,9026,1,10,9,0.042872847,1330.995783,0.704759579,0.038036136,1330.95291,[[0.500003468166643;0;0][0;0.500003468166643;0][0;0;0.500003468166643][0.176983846547884;0.123920437307619;0.301519778700191][...]],0.134601865,5,1309409452,10
"ALPS with NSGA2 {NumberOfLayers=5, AgeGap=5, NonDominatedElites=0} Run 15",5,[5;10;20;45;80],"ALPS with NSGA2 {NumberOfLayers=5, AgeGap=5, NonDominatedElites=0}",300010,16:27.9,5784,0,5,5,0.025979472,1330.98438,0.85717241,0.557018803,1330.958401,[[0;1.2185625254964;0][1.2185625254964;0;0][0;0;1.2185625254964][0.123603212447134;0.460431167538553;0.636069894794333][...]],0.171885809,10,444334074,20
"ALPS with NSGA2 {NumberOfLayers=5, AgeGap=5, NonDominatedElites=1} Run 14",5,[5;10;20;45;80],"ALPS with NSGA2 {NumberOfLayers=5, AgeGap=5, NonDominatedElites=1}",300010,16:26.1,5784,1,5,5,203.6967187,1330.381387,7.63549329,7.859769214,1126.684669,[[0;10.4789811963008;0][10.4789811963027;0;0][0;0;10.4789811958705][1.48677836228953;0.671981467947553;8.32022136563093][...]],0.461848818,10,1813604170,20
"ALPS with NSGA2 {NumberOfLayers=10, AgeGap=150, NonDominatedElites=0} Run 10",150,[150;300;600;1350;2400;3750;5400;7350;9600;12150],"ALPS with NSGA2 {NumberOfLayers=10, AgeGap=150, NonDominatedElites=0}",300015,30:43.7,9026,0,10,9,0.052184365,1330.999135,0.702790132,0.040117845,1330.946951,[[0.500000002122391;0;0][0;0;0.500000002122391][0;0.500000002122391;0][0.348608308042998;0.0496803615342814;0.222320473137554][...]],0.075690487,5,1023869562,10
"ALPS with NSGA2 {NumberOfLayers=5, AgeGap=5, NonDominatedElites=0} Run 16",5,[5;10;20;45;80],"ALPS with NSGA2 {NumberOfLayers=5, AgeGap=5, NonDominatedElites=0}",300010,16:35.9,5784,0,5,5,65.8991588,1330.381387,6.24102404,6.469996362,1264.482229,[[0;8.73803746888823;0][8.73878817505834;0;0][0;0;8.7379929804322][2.18459763116326;2.18459763116326;4.36919526232651][...]],1.016754453,10,1909563604,20
"ALPS with NSGA2 {NumberOfLayers=5, AgeGap=5, NonDominatedElites=1} Run 15",5,[5;10;20;45;80],"ALPS with NSGA2 {NumberOfLayers=5, AgeGap=5, NonDominatedElites=1}",300010,16:36.9,5784,1,5,5,27.97093707,1330.381387,4.250173618,4.410998041,1302.41045,[[0;0;6.11278960511489][0;6.11278960511489;0][6.11278960511489;0;0][3.05639480255744;3.05639480255744;0][...]],0.87842764,10,416697594,20
"ALPS with NSGA2 {NumberOfLayers=10, AgeGap=150, NonDominatedElites=1} Run 11",150,[150;300;600;1350;2400;3750;5400;7350;9600;12150],"ALPS with NSGA2 {NumberOfLayers=10, AgeGap=150, NonDominatedElites=1}",300015,31:19.6,9026,1,10,9,0.063089017,1330.998467,1.161911864,0.077760258,1330.935378,[[0;0;0.588731257751729][0.588731314150881;0;0][0;0.588415731890912;0][0.367514150738558;0.205766469707218;0.0153351955201332][...]],0.083824953,5,712346491,10
"ALPS with NSGA2 {NumberOfLayers=5, AgeGap=5, NonDominatedElites=0} Run 17",5,[5;10;20;45;80],"ALPS with NSGA2 {NumberOfLayers=5, AgeGap=5, NonDominatedElites=0}",300010,16:51.5,5784,0,5,5,332.361724,1330.381387,7.598250083,7.981859424,998.0196635,[[10.6369888946198;0;0][0;0;10.5744153601543][0;10.5934936523413;0][6.55967127513827;2.94161677184284;1.13579888053796][...]],1.129464164,10,680152753,20
"ALPS with NSGA2 {NumberOfLayers=5, AgeGap=5, NonDominatedElites=1} Run 16",5,[5;10;20;45;80],"ALPS with NSGA2 {NumberOfLayers=5, AgeGap=5, NonDominatedElites=1}",300010,16:52.4,5784,1,5,5,175.831348,1330.381387,7.230735639,7.505793027,1154.550039,[[0;9.98799716982363;0][0;0;9.98799716911628][9.98799716911628;0;0][3.86399052969953;2.48046589043181;5.14406194423871][...]],1.241930463,10,873109492,20
"ALPS with NSGA2 {NumberOfLayers=10, AgeGap=150, NonDominatedElites=0} Run 11",150,[150;300;600;1350;2400;3750;5400;7350;9600;12150],"ALPS with NSGA2 {NumberOfLayers=10, AgeGap=150, NonDominatedElites=0}",300015,31:21.8,9026,0,10,9,0.049706715,1330.993957,0.91626475,0.004478917,1330.94425,[[0.500008049298916;0;0][0;0;0.500008049298916][0;0.500008049298916;0][0.185463173148973;0.230793527892375;0.0837513482575685][...]],0.075454355,5,891844360,10
"ALPS with NSGA2 {NumberOfLayers=10, AgeGap=150, NonDominatedElites=1} Run 12",150,[150;300;600;1350;2400;3750;5400;7350;9600;12150],"ALPS with NSGA2 {NumberOfLayers=10, AgeGap=150, NonDominatedElites=1}",300015,33:36.2,9026,1,10,9,0.376948542,1330.977132,1.840836694,0.424430502,1330.600183,[[1.00715400299044;0;0][0;0;1.00715400299044][0;1.00715400313628;0][0.23736495813075;0.42948998075223;0.34031036961066][...]],0.168369885,5,309892510,10
"ALPS with NSGA2 {NumberOfLayers=5, AgeGap=5, NonDominatedElites=0} Run 18",5,[5;10;20;45;80],"ALPS with NSGA2 {NumberOfLayers=5, AgeGap=5, NonDominatedElites=0}",300010,18:35.0,5784,0,5,5,153.3304737,1330.381387,5.791115764,6.013156905,1177.050914,[[0;0;8.16839410790849][0;8.16841009006587;0][8.16841009006587;0;0][2.06601856280829;3.31284977466857;2.78956185793297][...]],0.75975135,10,346944672,20
"ALPS with NSGA2 {NumberOfLayers=5, AgeGap=5, NonDominatedElites=1} Run 17",5,[5;10;20;45;80],"ALPS with NSGA2 {NumberOfLayers=5, AgeGap=5, NonDominatedElites=1}",300010,18:35.2,5784,1,5,5,469.3472526,1330.381387,9.558329611,10.1429623,861.0341349,[[0;0;13.5868421661743][0;13.5868421661743;0][13.5868421661743;0;0][7.49659614364795;1.18867462588634;4.90157192847649][...]],1.254248615,10,249984892,20
"ALPS with NSGA2 {NumberOfLayers=5, AgeGap=5, NonDominatedElites=0} Run 19",5,[5;10;20;45;80],"ALPS with NSGA2 {NumberOfLayers=5, AgeGap=5, NonDominatedElites=0}",300010,18:24.4,5784,0,5,5,161.756982,1330.381387,6.423348483,6.852322609,1168.624406,[[0;9.24448448515004;0][0;0;9.13190930226159][9.14142776044385;0;0][6.04037959386892;0.587642350599551;2.50388735779311][...]],1.500891426,10,1768130926,20
"ALPS with NSGA2 {NumberOfLayers=5, AgeGap=5, NonDominatedElites=1} Run 18",5,[5;10;20;45;80],"ALPS with NSGA2 {NumberOfLayers=5, AgeGap=5, NonDominatedElites=1}",300010,18:22.9,5784,1,5,5,36.73619544,1330.529133,3.651063598,3.76863899,1293.792938,[[5.35241349845715;0;0][0;5.35241349843495;0][0;0;5.35241349844472][1.71655818465516;0.777269098795547;2.85858621499899][...]],0.603188035,10,305492679,20
"ALPS with NSGA2 {NumberOfLayers=10, AgeGap=150, NonDominatedElites=0} Run 12",150,[150;300;600;1350;2400;3750;5400;7350;9600;12150],"ALPS with NSGA2 {NumberOfLayers=10, AgeGap=150, NonDominatedElites=0}",300015,34:38.2,9026,0,10,9,0.048896873,1330.995266,0.704743824,0.039161037,1330.946369,[[0;0;0.500238022724908][0.500238022724908;0;0][0;0.500238022724908;0][0.181146874943226;0.125611827463818;0.306758702407045][...]],0.107487378,5,1315468795,10
"ALPS with NSGA2 {NumberOfLayers=10, AgeGap=150, NonDominatedElites=1} Run 13",150,[150;300;600;1350;2400;3750;5400;7350;9600;12150],"ALPS with NSGA2 {NumberOfLayers=10, AgeGap=150, NonDominatedElites=1}",300015,33:48.6,9026,1,10,9,0.042791526,1330.989153,0.680727751,0.00461475,1330.946362,[[0.500917024942382;0;0][0;0;0.500926484270813][0;0.50091375589184;0][0.0526459505050037;0.287541366573872;0.160802259589378][...]],0.103391176,5,2106444557,10
"ALPS with NSGA2 {NumberOfLayers=5, AgeGap=5, NonDominatedElites=0} Run 20",5,[5;10;20;45;80],"ALPS with NSGA2 {NumberOfLayers=5, AgeGap=5, NonDominatedElites=0}",300010,17:11.8,5784,0,5,5,102.0796362,1330.381387,5.934841989,6.187724323,1228.301751,[[8.31673458725045;0;0][0;0;8.31673458711758][0;8.3167345872596;0][0.573797073781393;1.33436753385772;6.40856997959287][...]],1.004552362,10,1977152211,20
"ALPS with NSGA2 {NumberOfLayers=5, AgeGap=5, NonDominatedElites=1} Run 19",5,[5;10;20;45;80],"ALPS with NSGA2 {NumberOfLayers=5, AgeGap=5, NonDominatedElites=1}",300010,17:09.4,5784,1,5,5,3.212101905,1330.980052,2.10731951,1.835892278,1327.76795,[[2.80894458437456;0;0][0;2.8089445850224;0][0;0;2.80894458413013][1.2615438147769;1.12566270483839;0.421738064743813][...]],0.194793926,10,1938397760,20
"ALPS with NSGA2 {NumberOfLayers=5, AgeGap=5, NonDominatedElites=0} Run 21",5,[5;10;20;45;80],"ALPS with NSGA2 {NumberOfLayers=5, AgeGap=5, NonDominatedElites=0}",300010,17:19.3,5784,0,5,5,305.5138022,1330.381387,9.552890794,9.403161143,1024.867585,[[11.8359791109415;0;0][0;11.8359791116854;0][0;0;11.8359309945535][7.90408722800006;1.42854820954528;2.50335948139198][...]],1.218705411,10,1591768065,20
"ALPS with NSGA2 {NumberOfLayers=5, AgeGap=5, NonDominatedElites=1} Run 20",5,[5;10;20;45;80],"ALPS with NSGA2 {NumberOfLayers=5, AgeGap=5, NonDominatedElites=1}",300010,17:22.7,5784,1,5,5,132.3254646,1330.381387,7.000352503,7.126109264,1198.055923,[[0;9.37808083714665;0][9.37806613568456;0;0][0;0;9.37806928042449][3.86747071707331;2.12874785831042;3.38184903275303][...]],0.40683107,10,343146521,20
"ALPS with NSGA2 {NumberOfLayers=10, AgeGap=150, NonDominatedElites=0} Run 13",150,[150;300;600;1350;2400;3750;5400;7350;9600;12150],"ALPS with NSGA2 {NumberOfLayers=10, AgeGap=150, NonDominatedElites=0}",300015,32:15.2,9026,0,10,9,0.059309754,1330.998915,0.80157035,0.006307992,1330.939605,[[0;0.502610109364554;0][0;0;0.502610109364554][0.502610109364554;0;0][0.2279873370492;0.0709729032080276;0.203649869107326][...]],0.181102362,5,724368483,10
"ALPS with NSGA2 {NumberOfLayers=10, AgeGap=150, NonDominatedElites=1} Run 14",150,[150;300;600;1350;2400;3750;5400;7350;9600;12150],"ALPS with NSGA2 {NumberOfLayers=10, AgeGap=150, NonDominatedElites=1}",300015,32:40.1,9026,1,10,9,0.072287785,1330.995461,0.685047594,0.033117798,1330.923173,[[0.500001006832306;0;0][0;0;0.500001006832306][0;0.500001006832306;0][0.217758864307374;0.312987823085052;0.144493546609279][...]],0.111561324,5,1204544922,10
"ALPS with NSGA2 {NumberOfLayers=5, AgeGap=5, NonDominatedElites=0} Run 22",5,[5;10;20;45;80],"ALPS with NSGA2 {NumberOfLayers=5, AgeGap=5, NonDominatedElites=0}",300010,17:16.1,5784,0,5,5,3.699452729,1330.790198,1.727014238,1.442988107,1327.090746,[[0;2.39193252172632;0][0;0;2.39193252172632][2.39193252172632;0;0][0.272013788723523;1.54240009007876;0.577518642924039][...]],0.268286539,10,791589809,20
"ALPS with NSGA2 {NumberOfLayers=5, AgeGap=5, NonDominatedElites=1} Run 21",5,[5;10;20;45;80],"ALPS with NSGA2 {NumberOfLayers=5, AgeGap=5, NonDominatedElites=1}",300010,17:18.6,5784,1,5,5,736.6484707,1330.381387,10.04489786,10.70853134,593.7329168,[[14.2172966875977;0;0][0;0;14.2173449744161][0;14.2173485220853;0][3.2037268986006;2.60906419871644;8.40453376827634][...]],1.206608134,10,1625778128,20
"ALPS with NSGA2 {NumberOfLayers=5, AgeGap=5, NonDominatedElites=0} Run 23",5,[5;10;20;45;80],"ALPS with NSGA2 {NumberOfLayers=5, AgeGap=5, NonDominatedElites=0}",300010,17:10.9,5784,0,5,5,206.4374587,1330.381387,8.132720795,8.433748055,1123.943929,[[10.968474182732;0;0][0;10.9684741812349;0][0;0;10.9684741972256][1.71391719201951;4.0246493858335;5.22990760479651][...]],0.504990237,10,2080340027,20
"ALPS with NSGA2 {NumberOfLayers=5, AgeGap=5, NonDominatedElites=1} Run 22",5,[5;10;20;45;80],"ALPS with NSGA2 {NumberOfLayers=5, AgeGap=5, NonDominatedElites=1}",300010,17:10.3,5784,1,5,5,6.875348248,1330.936379,2.483111929,2.350115578,1324.06103,[[3.52789221264526;0;0][0;0;3.52789221264526][0;3.5278922126449;0][2.51823059018477;0.724416533364907;0.285245089095578][...]],0.248071322,10,1524735599,20
"ALPS with NSGA2 {NumberOfLayers=10, AgeGap=150, NonDominatedElites=0} Run 14",150,[150;300;600;1350;2400;3750;5400;7350;9600;12150],"ALPS with NSGA2 {NumberOfLayers=10, AgeGap=150, NonDominatedElites=0}",300015,32:05.8,9026,0,10,9,0.048324523,1330.999959,0.708582671,0.062733848,1330.951635,[[0.500016378482748;0;0][0;0;0.500010186878718][0;0.500010427570185;0][0.176532613354421;0.176532613354421;0.353065226708843][...]],0.127374315,5,356009730,10
"ALPS with NSGA2 {NumberOfLayers=10, AgeGap=150, NonDominatedElites=1} Run 15",150,[150;300;600;1350;2400;3750;5400;7350;9600;12150],"ALPS with NSGA2 {NumberOfLayers=10, AgeGap=150, NonDominatedElites=1}",300015,31:57.0,9026,1,10,9,0.078229099,1330.998216,0.849166668,0.005760453,1330.919987,[[0;0;0.500000882430484][0;0.500000887489016;0][0.500000885285623;0;0][0.122084645328381;0.13161142402074;0.260753605421457][...]],0.134260261,5,615540141,10
"ALPS with NSGA2 {NumberOfLayers=5, AgeGap=5, NonDominatedElites=0} Run 24",5,[5;10;20;45;80],"ALPS with NSGA2 {NumberOfLayers=5, AgeGap=5, NonDominatedElites=0}",300010,17:01.5,5784,0,5,5,1314.576408,1330.381387,16.54746733,17.9750951,15.80497933,[[0;23.3497009303049;0][23.3497009301564;0;0][0;0;23.3497009301805][14.7249040392032;6.20997979365769;2.41481709743908][...]],1.832080736,10,1157861330,20
"ALPS with NSGA2 {NumberOfLayers=5, AgeGap=5, NonDominatedElites=1} Run 23",5,[5;10;20;45;80],"ALPS with NSGA2 {NumberOfLayers=5, AgeGap=5, NonDominatedElites=1}",300010,17:02.4,5784,1,5,5,24.94144585,1330.770517,4.570801015,4.587307724,1305.829071,[[6.31409184374149;0;0][0;0;6.31498637873681][0;6.31399939565292;0][0.830970235071378;1.89386618133995;3.58984771528511][...]],0.66480767,10,1057706546,20
"ALPS with NSGA2 {NumberOfLayers=10, AgeGap=150, NonDominatedElites=0} Run 15",150,[150;300;600;1350;2400;3750;5400;7350;9600;12150],"ALPS with NSGA2 {NumberOfLayers=10, AgeGap=150, NonDominatedElites=0}",300015,31:38.6,9026,0,10,9,0.038264491,1330.997778,1.076325452,0.005038943,1330.959513,[[0.500378593742401;0;0][0;0;0.500378593742401][0;0.500380381140985;0][0;0.447092029629502;0.0532883515114833][...]],0.179538694,5,496726373,10
"ALPS with NSGA2 {NumberOfLayers=5, AgeGap=5, NonDominatedElites=0} Run 25",5,[5;10;20;45;80],"ALPS with NSGA2 {NumberOfLayers=5, AgeGap=5, NonDominatedElites=0}",300010,16:57.4,5784,0,5,5,137.3811733,1330.381387,6.260100627,6.579363911,1193.000214,[[8.98009743774334;0;0][0;8.98045010444274;0][0;0;8.97996049435418][0.706998987595888;6.7918727733423;1.48181298270036][...]],0.580922783,10,689982584,20
"ALPS with NSGA2 {NumberOfLayers=5, AgeGap=5, NonDominatedElites=1} Run 24",5,[5;10;20;45;80],"ALPS with NSGA2 {NumberOfLayers=5, AgeGap=5, NonDominatedElites=1}",300010,16:58.9,5784,1,5,5,398.4777763,1330.381387,7.86303644,8.294773097,931.9036112,[[11.1227934803735;0;0][0;11.1227931772352;0][0;0;11.1227931772352][7.21181845396379;3.2624948122738;0.648479910997628][...]],1.102190053,10,170844206,20
"ALPS with NSGA2 {NumberOfLayers=10, AgeGap=150, NonDominatedElites=1} Run 16",150,[150;300;600;1350;2400;3750;5400;7350;9600;12150],"ALPS with NSGA2 {NumberOfLayers=10, AgeGap=150, NonDominatedElites=1}",300015,31:31.2,9026,1,10,9,1.101437337,1330.992317,3.049806028,0.877419455,1329.89088,[[1.50921109590484;0;0][0;0;1.50939225879824][0;1.50945988520644;0][0.377355447794628;0.377355447794628;0.754710895589255][...]],0.197287541,5,1252455383,10
"ALPS with NSGA2 {NumberOfLayers=5, AgeGap=5, NonDominatedElites=0} Run 26",5,[5;10;20;45;80],"ALPS with NSGA2 {NumberOfLayers=5, AgeGap=5, NonDominatedElites=0}",300010,16:43.7,5784,0,5,5,1225.651874,1330.381387,14.24445206,16.48359106,104.7295138,[[0;22.4600478161876;0][0;0;17.4539487587626][22.4392300177832;0;0][8.93945164448808;5.34460987553869;8.40075418275138][...]],3.117013894,10,1193851736,20
"ALPS with NSGA2 {NumberOfLayers=5, AgeGap=5, NonDominatedElites=1} Run 25",5,[5;10;20;45;80],"ALPS with NSGA2 {NumberOfLayers=5, AgeGap=5, NonDominatedElites=1}",300010,16:46.7,5784,1,5,5,429.7475682,1330.381387,8.373117272,8.979097116,900.6338193,[[0;12.224747645938;0][0;0;12.224747638387][12.2247476455992;0;0][7.87961587112238;3.86721868529534;0.477913081902221][...]],1.883440479,10,1660763800,20
"ALPS with NSGA2 {NumberOfLayers=10, AgeGap=150, NonDominatedElites=0} Run 16",150,[150;300;600;1350;2400;3750;5400;7350;9600;12150],"ALPS with NSGA2 {NumberOfLayers=10, AgeGap=150, NonDominatedElites=0}",300015,30:58.9,9026,0,10,9,0.070063322,1330.999854,0.570498111,0.076887881,1330.92979,[[0;0.500000372471742;0][0;0;0.500000372471742][0.500000372471742;0;0][0.133341077103292;0.152015752161234;0.325321603644979][...]],0.059518755,5,1460058832,10
"ALPS with NSGA2 {NumberOfLayers=5, AgeGap=5, NonDominatedElites=0} Run 27",5,[5;10;20;45;80],"ALPS with NSGA2 {NumberOfLayers=5, AgeGap=5, NonDominatedElites=0}",300010,16:33.1,5784,0,5,5,165.0536418,1330.381387,7.077269119,7.171977172,1165.327746,[[9.65385103231747;0;0][0;0;9.65370058133744][0;9.65368699139796;0][0.0622008426114596;7.43870202792232;2.1527982350905][...]],1.026228066,10,1448755992,20
"ALPS with NSGA2 {NumberOfLayers=5, AgeGap=5, NonDominatedElites=1} Run 26",5,[5;10;20;45;80],"ALPS with NSGA2 {NumberOfLayers=5, AgeGap=5, NonDominatedElites=1}",300010,16:30.6,5784,1,5,5,658.1599315,1330.381387,10.65850564,11.36250496,672.221456,[[14.7342885703932;0;0][0;0;14.7342520621884][0;14.7342520621884;0][1.81249477142064;10.0392614383496;2.8825035410516][...]],1.298560003,10,2003181038,20
"ALPS with NSGA2 {NumberOfLayers=10, AgeGap=150, NonDominatedElites=1} Run 17",150,[150;300;600;1350;2400;3750;5400;7350;9600;12150],"ALPS with NSGA2 {NumberOfLayers=10, AgeGap=150, NonDominatedElites=1}",300015,30:56.2,9026,1,10,9,0.044737619,1330.998337,0.721567941,0.005631888,1330.953599,[[0;0;0.502078212416201][0.502075681717972;0;0][0;0.502063513508155;0][0.125535031301063;0.125535031301063;0.251070062602126][...]],0.057945674,5,1053484275,10
"ALPS with NSGA2 {NumberOfLayers=5, AgeGap=5, NonDominatedElites=0} Run 28",5,[5;10;20;45;80],"ALPS with NSGA2 {NumberOfLayers=5, AgeGap=5, NonDominatedElites=0}",300010,16:38.0,5784,0,5,5,787.7813986,1330.381387,10.50211198,11.83572026,542.5999889,[[0;0;15.6718609585524][0;15.671485735222;0][15.6710393604588;0;0][7.15875524091079;5.64773455590147;2.86739407111261][...]],2.259241393,10,2041477020,20
"ALPS with NSGA2 {NumberOfLayers=5, AgeGap=5, NonDominatedElites=1} Run 27",5,[5;10;20;45;80],"ALPS with NSGA2 {NumberOfLayers=5, AgeGap=5, NonDominatedElites=1}",300010,16:41.8,5784,1,5,5,11.92916977,1330.381387,2.866404178,2.717734435,1318.452218,[[0;0;3.99455202816964][3.99455323303234;0;0][0;3.99455107124657;0][2.89885047101086;0.312610128824768;0.783100360542669][...]],0.599431084,10,52160068,20
"ALPS with NSGA2 {NumberOfLayers=10, AgeGap=150, NonDominatedElites=0} Run 17",150,[150;300;600;1350;2400;3750;5400;7350;9600;12150],"ALPS with NSGA2 {NumberOfLayers=10, AgeGap=150, NonDominatedElites=0}",300015,31:06.2,9026,0,10,9,0.04175721,1330.998066,0.556100726,0.024385788,1330.956309,[[0;0.504057664139179;0][0.504081290880364;0;0][0;0;0.504081298938008][0.131530055010594;0.27313090469774;0.170407440256828][...]],0.082599571,5,1402615242,10
"ALPS with NSGA2 {NumberOfLayers=5, AgeGap=5, NonDominatedElites=0} Run 29",5,[5;10;20;45;80],"ALPS with NSGA2 {NumberOfLayers=5, AgeGap=5, NonDominatedElites=0}",300010,16:56.6,5784,0,5,5,118.7924674,1330.975913,5.348946678,5.590106225,1212.183446,[[7.82979131473988;0;0][0;7.82980072716547;0][0;0;7.82979131473988][1.70001679407538;5.01108589741931;1.11869331633501][...]],0.556284779,10,1737913714,20
"ALPS with NSGA2 {NumberOfLayers=5, AgeGap=5, NonDominatedElites=1} Run 28",5,[5;10;20;45;80],"ALPS with NSGA2 {NumberOfLayers=5, AgeGap=5, NonDominatedElites=1}",300010,16:53.2,5784,1,5,5,1019.093521,1330.381387,11.55907529,12.4844216,311.2878665,[[16.2512376963755;0;0][0;0;16.2511224844881][0;16.2511645717111;0][9.72835307520407;1.7379629636154;4.78488770759479][...]],1.981118709,10,1442659519,20
"ALPS with NSGA2 {NumberOfLayers=10, AgeGap=150, NonDominatedElites=1} Run 18",150,[150;300;600;1350;2400;3750;5400;7350;9600;12150],"ALPS with NSGA2 {NumberOfLayers=10, AgeGap=150, NonDominatedElites=1}",300015,31:22.4,9026,1,10,9,0.034299964,1330.999865,0.578682157,0.010367626,1330.965565,[[0;0;0.500000965766045][0.500000965766045;0;0][0;0.500000965766045;0][0.158538368998019;0.267030485759079;0.0850151783729138][...]],0.057237417,5,1666781064,10
"ALPS with NSGA2 {NumberOfLayers=5, AgeGap=5, NonDominatedElites=0} Run 30",5,[5;10;20;45;80],"ALPS with NSGA2 {NumberOfLayers=5, AgeGap=5, NonDominatedElites=0}",300010,16:52.6,5784,0,5,5,42.4354478,1330.381387,5.405402276,5.660431125,1287.94594,[[0;0;7.68878247629275][0;7.68878247629275;0][7.68878247629275;0;0][4.46364144464076;0.494766161037787;2.73037487061421][...]],0.748416429,10,1285272252,20
"ALPS with NSGA2 {NumberOfLayers=5, AgeGap=5, NonDominatedElites=1} Run 29",5,[5;10;20;45;80],"ALPS with NSGA2 {NumberOfLayers=5, AgeGap=5, NonDominatedElites=1}",300010,16:51.8,5784,1,5,5,353.5169604,1330.381387,7.74442705,8.119574162,976.8644271,[[0;10.7817037231175;0][10.781703781443;0;0][0;0;10.781703644208][6.22246370169953;1.81018220611919;2.74905784446154][...]],1.124122767,10,332560065,20
"ALPS with NSGA2 {NumberOfLayers=10, AgeGap=150, NonDominatedElites=0} Run 18",150,[150;300;600;1350;2400;3750;5400;7350;9600;12150],"ALPS with NSGA2 {NumberOfLayers=10, AgeGap=150, NonDominatedElites=0}",300015,31:26.6,9026,0,10,9,0.052530031,1330.999185,0.903478024,0.006445855,1330.946655,[[0;0.50008179840485;0][0;0;0.50008179840485][0.50008179840485;0;0][0.114567466553463;0.227424970919562;0.168444036367311][...]],0.085592637,5,1272767257,10
"ALPS with NSGA2 {NumberOfLayers=5, AgeGap=5, NonDominatedElites=3} Run 4",5,[5;10;20;45;80],"ALPS with NSGA2 {NumberOfLayers=5, AgeGap=5, NonDominatedElites=3}",300010,16:49.2,5784,3,5,5,194.5768454,1330.381387,8.554991789,8.877715094,1135.804542,[[0;0;11.6360186491264][0;11.6311225160737;0][11.629311038803;0;0][7.0062277701373;1.23165917966485;3.39643114080568][...]],1.21029443,10,858773609,20
"ALPS with NSGA2 {NumberOfLayers=10, AgeGap=150, NonDominatedElites=1} Run 19",150,[150;300;600;1350;2400;3750;5400;7350;9600;12150],"ALPS with NSGA2 {NumberOfLayers=10, AgeGap=150, NonDominatedElites=1}",300015,31:23.4,9026,1,10,9,0.051604454,1330.996625,0.896117298,0.004640855,1330.945021,[[0;0;0.50013806998389][0;0.50013806998389;0][0.50013806998389;0;0][0.108075310620567;0.227017196268639;0.165045563094684][...]],0.093097754,5,677698807,10
"ALPS with NSGA2 {NumberOfLayers=10, AgeGap=150, NonDominatedElites=3} Run 4",150,[150;300;600;1350;2400;3750;5400;7350;9600;12150],"ALPS with NSGA2 {NumberOfLayers=10, AgeGap=150, NonDominatedElites=3}",300015,31:27.7,9026,3,10,9,0.028425365,1330.996992,0.73667771,0.005330231,1330.968566,[[0.500269280815068;0;0][0;0.500269249108875;0][0;0;0.500171705507945][0.263724168605236;0.0627179591469523;0.174915248060272][...]],0.062603648,5,805431154,10
"ALPS with NSGA2 {NumberOfLayers=5, AgeGap=5, NonDominatedElites=3} Run 5",5,[5;10;20;45;80],"ALPS with NSGA2 {NumberOfLayers=5, AgeGap=5, NonDominatedElites=3}",300010,16:58.0,5784,3,5,5,328.1012001,1330.381387,8.323849924,8.755265461,1002.280187,[[0;0;11.7293275663733][0;11.7293275527729;0][11.7293306527737;0;0][8.74799549099329;2.2783716381613;0.702964655973384][...]],1.475097831,10,1118170115,20
"ALPS with NSGA2 {NumberOfLayers=10, AgeGap=150, NonDominatedElites=0} Run 19",150,[150;300;600;1350;2400;3750;5400;7350;9600;12150],"ALPS with NSGA2 {NumberOfLayers=10, AgeGap=150, NonDominatedElites=0}",300015,31:29.5,9026,0,10,9,0.085847852,1330.999056,1.064553679,0.011142344,1330.913208,[[0;0.500001994183307;0][0;0;0.500001994183307][0.500001994183307;0;0][0.073594587925272;0.395884050384615;0.0617756357925791][...]],0.168789647,5,585040969,10
"ALPS with NSGA2 {NumberOfLayers=10, AgeGap=150, NonDominatedElites=1} Run 20",150,[150;300;600;1350;2400;3750;5400;7350;9600;12150],"ALPS with NSGA2 {NumberOfLayers=10, AgeGap=150, NonDominatedElites=1}",300015,31:38.2,9026,1,10,9,0.017250789,1330.998056,0.621216255,0.005499795,1330.980806,[[0;0.500515818652769;0][0;0;0.500515818652769][0.500515818652769;0;0][0.405615117516617;0.0274741554328785;0.0737385723837176][...]],0.044777395,5,475997779,10
"ALPS with NSGA2 {NumberOfLayers=5, AgeGap=5, NonDominatedElites=3} Run 6",5,[5;10;20;45;80],"ALPS with NSGA2 {NumberOfLayers=5, AgeGap=5, NonDominatedElites=3}",300010,16:57.9,5784,3,5,5,1315.788725,1330.381387,19.0714357,20.48663505,14.59266229,[[25.3509503818641;0;0][0;25.3509503818685;0][0;0;25.3509503818685][16.9155799001293;3.95618625734946;4.47918422489899][...]],4.080892457,10,1800227912,20
"ALPS with NSGA2 {NumberOfLayers=10, AgeGap=150, NonDominatedElites=3} Run 5",150,[150;300;600;1350;2400;3750;5400;7350;9600;12150],"ALPS with NSGA2 {NumberOfLayers=10, AgeGap=150, NonDominatedElites=3}",300015,31:33.8,9026,3,10,9,0.048309912,1330.999901,0.5387848,0.034086645,1330.951592,[[0;0.500000328131655;0][0;0;0.500000328131655][0.500000328131655;0;0][0.251259054102302;0.123741191996439;0.125000082032914][...]],0.051112278,5,680723041,10
"ALPS with NSGA2 {NumberOfLayers=5, AgeGap=5, NonDominatedElites=3} Run 7",5,[5;10;20;45;80],"ALPS with NSGA2 {NumberOfLayers=5, AgeGap=5, NonDominatedElites=3}",300010,16:58.0,5784,3,5,5,625.110546,1330.381387,10.37344461,11.11840247,705.2708415,[[0;14.7630466465143;0][0;0;14.7574252953811][14.7574252953811;0;0][0.690771436948233;6.47351835999046;7.59632054343135][...]],1.379851098,10,1294023463,20
"ALPS with NSGA2 {NumberOfLayers=10, AgeGap=150, NonDominatedElites=0} Run 20",150,[150;300;600;1350;2400;3750;5400;7350;9600;12150],"ALPS with NSGA2 {NumberOfLayers=10, AgeGap=150, NonDominatedElites=0}",300015,31:40.9,9026,0,10,9,0.029295533,1330.999969,0.663912057,0.004159367,1330.970673,[[0;0.500002307885527;0][0;0;0.500002307885527][0.500002307885527;0;0][0.125214080600713;0.125214080600713;0.250428161201427][...]],0.142554468,5,187826042,10
"ALPS with NSGA2 {NumberOfLayers=10, AgeGap=150, NonDominatedElites=1} Run 21",150,[150;300;600;1350;2400;3750;5400;7350;9600;12150],"ALPS with NSGA2 {NumberOfLayers=10, AgeGap=150, NonDominatedElites=1}",300015,31:40.3,9026,1,10,9,0.04737005,1330.999311,0.706618807,0.004007578,1330.951941,[[0;0.500000000070166;0][0.500000000070166;0;0][0;0;0.500000000070166][0.0427243248594923;0.207297773536465;0.250022098395958][...]],0.068712634,5,356336761,10
"ALPS with NSGA2 {NumberOfLayers=5, AgeGap=5, NonDominatedElites=3} Run 8",5,[5;10;20;45;80],"ALPS with NSGA2 {NumberOfLayers=5, AgeGap=5, NonDominatedElites=3}",300010,17:03.6,5784,3,5,5,229.7690031,1330.381387,7.47707212,7.948452641,1100.612384,[[0;0;10.7752498915744][10.7752498915751;0;0][0;10.5740251452914;0][1.12547798530067;2.78151074975521;6.66703641023548][...]],1.064650287,10,1514592408,20
"ALPS with NSGA2 {NumberOfLayers=10, AgeGap=150, NonDominatedElites=3} Run 6",150,[150;300;600;1350;2400;3750;5400;7350;9600;12150],"ALPS with NSGA2 {NumberOfLayers=10, AgeGap=150, NonDominatedElites=3}",300015,31:41.8,9026,3,10,9,0.03576488,1330.999482,1.047991344,0.007024382,1330.963717,[[0.503539776029715;0;0][0;0.503539776029715;0][0;0;0.503539776029715][0.0571999995398075;0.28283162561629;0.164941987110115][...]],0.093032961,5,483841214,10
"ALPS with NSGA2 {NumberOfLayers=5, AgeGap=5, NonDominatedElites=3} Run 9",5,[5;10;20;45;80],"ALPS with NSGA2 {NumberOfLayers=5, AgeGap=5, NonDominatedElites=3}",300010,17:03.7,5784,3,5,5,194.3328442,1330.381387,6.402352455,6.722139853,1136.048543,[[9.06235458720871;0;0][0;9.06235447274019;0][0;0;9.06235446781515][2.16361913319845;6.36833080216113;0.530406232186854][...]],0.817925188,10,1960649784,20
"ALPS with NSGA2 {NumberOfLayers=10, AgeGap=150, NonDominatedElites=0} Run 21",150,[150;300;600;1350;2400;3750;5400;7350;9600;12150],"ALPS with NSGA2 {NumberOfLayers=10, AgeGap=150, NonDominatedElites=0}",300015,31:44.5,9026,0,10,9,0.034772729,1330.995196,1.03579216,0.006085237,1330.960423,[[0;0;0.500000000174349][0;0.500000000174349;0][0.500000000174349;0;0][0.049521950062063;0.109158099719954;0.349768389087363][...]],0.131310394,5,1669775070,10
"ALPS with NSGA2 {NumberOfLayers=10, AgeGap=150, NonDominatedElites=1} Run 22",150,[150;300;600;1350;2400;3750;5400;7350;9600;12150],"ALPS with NSGA2 {NumberOfLayers=10, AgeGap=150, NonDominatedElites=1}",300015,31:49.9,9026,1,10,9,0.028483918,1330.993468,0.672712541,0.007743488,1330.964984,[[0.500154067106273;0;0][0;0.500125177810517;0][0;0;0.50012516171406][0.122169996396818;0.21308252714973;0.168308096733315][...]],0.076707062,5,1962886593,10
"ALPS with NSGA2 {NumberOfLayers=5, AgeGap=5, NonDominatedElites=3} Run 10",5,[5;10;20;45;80],"ALPS with NSGA2 {NumberOfLayers=5, AgeGap=5, NonDominatedElites=3}",300010,17:09.7,5784,3,5,5,422.8987321,1330.381387,8.700229939,9.493627598,907.4826554,[[12.5298810647906;0;0][0;12.5298810785719;0][0;0;12.5298810770712][2.46305361259547;3.04421192234934;7.02261554723447][...]],0.521341814,10,1707485955,20
"ALPS with NSGA2 {NumberOfLayers=10, AgeGap=150, NonDominatedElites=3} Run 7",150,[150;300;600;1350;2400;3750;5400;7350;9600;12150],"ALPS with NSGA2 {NumberOfLayers=10, AgeGap=150, NonDominatedElites=3}",300015,31:54.2,9026,3,10,9,0.042471383,1330.997479,1.00001925,0.005104788,1330.955007,[[0.500009638377474;0;0][0;0.500009638377474;0][0;0;0.500009584973082][0.140083374969129;0.109921418276894;0.250004793246022][...]],0.02284209,5,1241972936,10
"ALPS with NSGA2 {NumberOfLayers=10, AgeGap=150, NonDominatedElites=0} Run 22",150,[150;300;600;1350;2400;3750;5400;7350;9600;12150],"ALPS with NSGA2 {NumberOfLayers=10, AgeGap=150, NonDominatedElites=0}",300015,32:03.7,9026,0,10,9,0.044493516,1330.991258,0.917565442,0.005157709,1330.946765,[[0;0.500564563638061;0][0.500564563638061;0;0][0;0;0.500564563638061][0.0924134788920134;0.183447652128922;0.224703432617126][...]],0.075216886,5,1144624589,10
"ALPS with NSGA2 {NumberOfLayers=5, AgeGap=5, NonDominatedElites=3} Run 11",5,[5;10;20;45;80],"ALPS with NSGA2 {NumberOfLayers=5, AgeGap=5, NonDominatedElites=3}",300010,17:17.0,5784,3,5,5,600.0777826,1330.381387,10.98776536,11.36410447,730.3036049,[[0;14.5052151837777;0][14.5052151151838;0;0][0;0;14.5052151258166][0;10.1120114295812;4.39320373120761][...]],1.614824547,10,574279190,20
"ALPS with NSGA2 {NumberOfLayers=10, AgeGap=150, NonDominatedElites=1} Run 23",150,[150;300;600;1350;2400;3750;5400;7350;9600;12150],"ALPS with NSGA2 {NumberOfLayers=10, AgeGap=150, NonDominatedElites=1}",300015,32:09.5,9026,1,10,9,0.026731178,1330.998287,0.992990352,0.005906555,1330.971556,[[0;0.500165623521209;0][0;0;0.500165623519699][0.50016588096079;0;0][0.167736141660256;0.0896877189468922;0.242741762914504][...]],0.113062359,5,646385725,10
"ALPS with NSGA2 {NumberOfLayers=5, AgeGap=5, NonDominatedElites=3} Run 12",5,[5;10;20;45;80],"ALPS with NSGA2 {NumberOfLayers=5, AgeGap=5, NonDominatedElites=3}",300010,17:13.8,5784,3,5,5,32.77664895,1330.878404,3.905873214,3.842429375,1298.101755,[[5.50504729375226;0;0][0;0;5.50504716783912][0;5.50507231752714;0][4.1027792686449;0.442290945609987;0.959991367325984][...]],0.282773701,10,489641768,20
"ALPS with NSGA2 {NumberOfLayers=10, AgeGap=150, NonDominatedElites=3} Run 8",150,[150;300;600;1350;2400;3750;5400;7350;9600;12150],"ALPS with NSGA2 {NumberOfLayers=10, AgeGap=150, NonDominatedElites=3}",300015,32:16.5,9026,3,10,9,0.044890092,1330.997291,0.727068867,0.011524242,1330.952401,[[0;0;0.500000000728306][0;0.500000001816058;0][0.500000001816058;0;0][0.224450000629871;0.110550000310235;0.165000000463038][...]],0.048145375,5,792212526,10
"ALPS with NSGA2 {NumberOfLayers=10, AgeGap=150, NonDominatedElites=0} Run 23",150,[150;300;600;1350;2400;3750;5400;7350;9600;12150],"ALPS with NSGA2 {NumberOfLayers=10, AgeGap=150, NonDominatedElites=0}",300015,32:22.5,9026,0,10,9,0.041850273,1330.995611,0.557336489,0.009770084,1330.953761,[[0;0.500001494629132;0][0;0;0.500001494629132][0.500001494629132;0;0][0.241359212039942;0.0764761359685099;0.207283454420718][...]],0.071132402,5,923667936,10
"ALPS with NSGA2 {NumberOfLayers=5, AgeGap=5, NonDominatedElites=3} Run 13",5,[5;10;20;45;80],"ALPS with NSGA2 {NumberOfLayers=5, AgeGap=5, NonDominatedElites=3}",300010,17:26.5,5784,3,5,5,935.9627359,1330.381387,11.32595806,11.93897948,394.4186516,[[0;15.8967175521947;0][15.8967145039937;0;0][0;0;15.8967137146259][10.8304829422367;1.73883566018369;3.32740848051535][...]],0.977548409,10,1949413327,20
"ALPS with NSGA2 {NumberOfLayers=10, AgeGap=150, NonDominatedElites=1} Run 24",150,[150;300;600;1350;2400;3750;5400;7350;9600;12150],"ALPS with NSGA2 {NumberOfLayers=10, AgeGap=150, NonDominatedElites=1}",300015,32:25.9,9026,1,10,9,0.040465517,1330.999813,0.716882285,0.004664323,1330.959348,[[0.500750847289588;0;0][0;0.500750847289588;0][0;0;0.500750847328757][0.0840348276694745;0.142584170244827;0.274131849697784][...]],0.027614684,5,868671092,10
"ALPS with NSGA2 {NumberOfLayers=5, AgeGap=5, NonDominatedElites=3} Run 14",5,[5;10;20;45;80],"ALPS with NSGA2 {NumberOfLayers=5, AgeGap=5, NonDominatedElites=3}",300010,17:18.5,5784,3,5,5,297.096603,1330.381387,8.298000977,8.598039376,1033.284784,[[11.1174678207283;0;0][0;11.1174678207283;0][0;0;11.1174678207283][5.18309309685145;5.64727859734357;0.287096126533328][...]],1.955016051,10,1272292392,20
"ALPS with NSGA2 {NumberOfLayers=10, AgeGap=150, NonDominatedElites=3} Run 9",150,[150;300;600;1350;2400;3750;5400;7350;9600;12150],"ALPS with NSGA2 {NumberOfLayers=10, AgeGap=150, NonDominatedElites=3}",300015,32:14.8,9026,3,10,9,0.019030571,1330.997712,0.693843711,0.013526594,1330.978682,[[0;0;0.500018631895227][0;0.500018631895227;0][0.500018631895227;0;0][0.147708120312889;0.193159618428227;0.159443753036944][...]],0.17122065,5,1697774692,10
"ALPS with NSGA2 {NumberOfLayers=10, AgeGap=150, NonDominatedElites=0} Run 24",150,[150;300;600;1350;2400;3750;5400;7350;9600;12150],"ALPS with NSGA2 {NumberOfLayers=10, AgeGap=150, NonDominatedElites=0}",300015,32:17.2,9026,0,10,9,0.057023503,1330.99671,0.641946982,0.020603116,1330.939687,[[0;0;0.500027378826051][0;0.500027378826051;0][0.500027378826051;0;0][0.172460805015933;0.264830564769548;0.12277094975564][...]],0.14985509,5,290986453,10
"ALPS with NSGA2 {NumberOfLayers=5, AgeGap=5, NonDominatedElites=3} Run 15",5,[5;10;20;45;80],"ALPS with NSGA2 {NumberOfLayers=5, AgeGap=5, NonDominatedElites=3}",300010,17:16.3,5784,3,5,5,144.6330353,1330.600486,5.786731521,5.891268776,1185.967451,[[0;0;7.8272485811068][0;7.8272485811068;0][7.8272485811068;0;0][4.03262142513997;3.79462715596684;0][...]],1.267371403,10,1060833858,20
"ALPS with NSGA2 {NumberOfLayers=10, AgeGap=150, NonDominatedElites=1} Run 25",150,[150;300;600;1350;2400;3750;5400;7350;9600;12150],"ALPS with NSGA2 {NumberOfLayers=10, AgeGap=150, NonDominatedElites=1}",300015,32:08.5,9026,1,10,9,0.048160742,1330.998444,0.959722876,0.005200065,1330.950283,[[0;0.5000129406307;0][0.500000000001688;0;0][0;0;0.500001409236283][0.0782135686527272;0.229321742353939;0.192473787941328][...]],0.05003493,5,2035348061,10
"ALPS with NSGA2 {NumberOfLayers=5, AgeGap=5, NonDominatedElites=3} Run 16",5,[5;10;20;45;80],"ALPS with NSGA2 {NumberOfLayers=5, AgeGap=5, NonDominatedElites=3}",300010,17:15.3,5784,3,5,5,218.2441597,1330.381387,8.068484077,8.253311812,1112.137228,[[10.5091578251972;0;0][0;0;10.5091578251972][0;10.5091578251972;0][1.93984522495338;7.94328172954119;0.626030870702591][...]],1.046525664,10,1192175534,20
"ALPS with NSGA2 {NumberOfLayers=10, AgeGap=150, NonDominatedElites=3} Run 10",150,[150;300;600;1350;2400;3750;5400;7350;9600;12150],"ALPS with NSGA2 {NumberOfLayers=10, AgeGap=150, NonDominatedElites=3}",300015,32:07.1,9026,3,10,9,0.045069817,1330.992802,0.694129512,0.007654457,1330.947733,[[0.501284291889903;0;0][0;0.501280872835085;0][0;0;0.501320769254853][0.220853328936557;0.220818911766575;0.0712211322312435][...]],0.071963714,5,1490256531,10
"ALPS with NSGA2 {NumberOfLayers=10, AgeGap=150, NonDominatedElites=0} Run 25",150,[150;300;600;1350;2400;3750;5400;7350;9600;12150],"ALPS with NSGA2 {NumberOfLayers=10, AgeGap=150, NonDominatedElites=0}",300015,32:06.7,9026,0,10,9,0.040809242,1330.996996,0.612547776,0.026729664,1330.956186,[[0;0;0.500000193797955][0.500000193798044;0;0][0;0.500000193797955;0][0.327363565124324;0.150113899199464;0.0530976838208084][...]],0.056343647,5,795067775,10
"ALPS with NSGA2 {NumberOfLayers=5, AgeGap=5, NonDominatedElites=3} Run 17",5,[5;10;20;45;80],"ALPS with NSGA2 {NumberOfLayers=5, AgeGap=5, NonDominatedElites=3}",300010,17:17.7,5784,3,5,5,260.3868484,1330.381387,7.826189113,8.616945261,1069.994539,[[0;0;11.9648206289877][0;10.4657636615065;0][10.4657647989097;0;0][4.9512004719599;5.79033102641542;1.22913105903877][...]],1.314111063,10,252275392,20
"ALPS with NSGA2 {NumberOfLayers=10, AgeGap=150, NonDominatedElites=1} Run 26",150,[150;300;600;1350;2400;3750;5400;7350;9600;12150],"ALPS with NSGA2 {NumberOfLayers=10, AgeGap=150, NonDominatedElites=1}",300015,32:09.2,9026,1,10,9,0.059738076,1330.999178,0.892578345,0.004984637,1330.93944,[[0.501222870864659;0;0][0;0.501222870864659;0][0;0;0.501222870864659][0.0927377269295714;0.163627271978799;0.244857871956288][...]],0.097989336,5,480162523,10
"ALPS with NSGA2 {NumberOfLayers=10, AgeGap=150, NonDominatedElites=3} Run 11",150,[150;300;600;1350;2400;3750;5400;7350;9600;12150],"ALPS with NSGA2 {NumberOfLayers=10, AgeGap=150, NonDominatedElites=3}",300015,31:46.3,9026,3,10,9,0.042965246,1330.999961,0.968181367,0.005638768,1330.956995,[[0.50001353563599;0;0][0;0;0.50001353563599][0;0.500013535635901;0][0.17064717838481;0.111494679226018;0.218450448729857][...]],0.03974835,5,1785436411,10
"ALPS with NSGA2 {NumberOfLayers=5, AgeGap=5, NonDominatedElites=3} Run 18",5,[5;10;20;45;80],"ALPS with NSGA2 {NumberOfLayers=5, AgeGap=5, NonDominatedElites=3}",300010,16:53.5,5784,3,5,5,594.6055662,1330.381387,9.133192611,9.156238449,735.7758213,[[0;0;11.8787279943309][11.8787773348592;0;0][0;11.8787598046084;0][1.41245864783703;4.2515360267514;6.21474385434427][...]],1.410584054,10,1719296116,20
"ALPS with NSGA2 {NumberOfLayers=10, AgeGap=150, NonDominatedElites=0} Run 26",150,[150;300;600;1350;2400;3750;5400;7350;9600;12150],"ALPS with NSGA2 {NumberOfLayers=10, AgeGap=150, NonDominatedElites=0}",300015,31:44.2,9026,0,10,9,0.061357695,1330.998447,0.891888021,0.004568422,1330.93709,[[0.500290678679349;0;0][0;0.500290678711057;0][0;0;0.500290678673931][0.133510989997687;0.258086352418032;0.108693336270025][...]],0.101285212,5,667414414,10
"ALPS with NSGA2 {NumberOfLayers=10, AgeGap=150, NonDominatedElites=1} Run 27",150,[150;300;600;1350;2400;3750;5400;7350;9600;12150],"ALPS with NSGA2 {NumberOfLayers=10, AgeGap=150, NonDominatedElites=1}",300015,31:29.9,9026,1,10,9,0.028476341,1330.994082,0.874261525,0.004878476,1330.965605,[[0;0.500002006480848;0][0;0;0.500002006480848][0.500002006480848;0;0][0.251837038310195;0.165664637101314;0.08250033106934][...]],0.126845655,5,1842330074,10
"ALPS with NSGA2 {NumberOfLayers=5, AgeGap=5, NonDominatedElites=3} Run 19",5,[5;10;20;45;80],"ALPS with NSGA2 {NumberOfLayers=5, AgeGap=5, NonDominatedElites=3}",300010,16:54.3,5784,3,5,5,878.1607752,1330.381387,10.65928266,11.39632815,452.2206123,[[15.2927754638799;0;0][0;15.2927754638799;0][0;0;15.2927754637848][1.83534201504104;4.43111007890807;9.02632765592766][...]],1.549790288,10,1541107471,20
"ALPS with NSGA2 {NumberOfLayers=10, AgeGap=150, NonDominatedElites=3} Run 12",150,[150;300;600;1350;2400;3750;5400;7350;9600;12150],"ALPS with NSGA2 {NumberOfLayers=10, AgeGap=150, NonDominatedElites=3}",300015,31:28.3,9026,3,10,9,0.060406653,1330.997914,1.078639912,0.028147464,1330.937507,[[0;0;0.50553250388764][0;0.505532481737891;0][0.505569329236277;0;0][0.0840662285285728;0.168700017870482;0.252766246399055][...]],0.026803861,5,779335791,10
"ALPS with NSGA2 {NumberOfLayers=5, AgeGap=5, NonDominatedElites=3} Run 20",5,[5;10;20;45;80],"ALPS with NSGA2 {NumberOfLayers=5, AgeGap=5, NonDominatedElites=3}",300010,16:54.0,5784,3,5,5,16.91763623,1330.9864,3.837850036,3.747072244,1314.068764,[[0;5.28584755505791;0][5.2858565409773;0;0][0;0;5.2858506753732][1.41935984467893;3.46410121279815;0.402385581273708][...]],0.539241387,10,154732529,20
"ALPS with NSGA2 {NumberOfLayers=10, AgeGap=150, NonDominatedElites=0} Run 27",150,[150;300;600;1350;2400;3750;5400;7350;9600;12150],"ALPS with NSGA2 {NumberOfLayers=10, AgeGap=150, NonDominatedElites=0}",300015,31:31.3,9026,0,10,9,0.021836765,1330.998106,0.842692997,0.019168809,1330.976269,[[0.519670526887694;0;0][0;0;0.519598325702042][0;0.519598325702042;0][0.028231612455411;0.27355835498888;0.21863015922325][...]],0.079735026,5,1472937758,10
"ALPS with NSGA2 {NumberOfLayers=10, AgeGap=150, NonDominatedElites=1} Run 28",150,[150;300;600;1350;2400;3750;5400;7350;9600;12150],"ALPS with NSGA2 {NumberOfLayers=10, AgeGap=150, NonDominatedElites=1}",300015,30:11.9,9026,1,10,9,0.040214423,1330.999114,0.686383284,0.004444545,1330.9589,[[0;0.500000077012619;0][0;0;0.500000077012619][0.500000077012619;0;0][0.11055001702749;0.224450034570964;0.165000025414164][...]],0.061649819,5,697147514,10
"ALPS with NSGA2 {NumberOfLayers=5, AgeGap=5, NonDominatedElites=3} Run 21",5,[5;10;20;45;80],"ALPS with NSGA2 {NumberOfLayers=5, AgeGap=5, NonDominatedElites=3}",300010,14:57.0,5784,3,5,5,79.95280801,1330.381387,5.674721303,5.749725791,1250.428579,[[0;0;7.78786456712367][0;7.78786408826005;0][7.78786400502663;0;0][2.24117380419005;4.66616460426599;0.880525874622303][...]],0.793774892,10,2035506481,20
"ALPS with NSGA2 {NumberOfLayers=10, AgeGap=150, NonDominatedElites=3} Run 13",150,[150;300;600;1350;2400;3750;5400;7350;9600;12150],"ALPS with NSGA2 {NumberOfLayers=10, AgeGap=150, NonDominatedElites=3}",300015,26:52.5,9026,3,10,9,0.030373049,1330.99881,0.75321675,0.006951157,1330.968437,[[0;0;0.500079094469729][0.500079094469729;0;0][0;0.500079094469729;0][0.0820600663322798;0.140098533741605;0.295494422853825][...]],0.021766274,5,1519339824,10
"ALPS with NSGA2 {NumberOfLayers=5, AgeGap=5, NonDominatedElites=3} Run 22",5,[5;10;20;45;80],"ALPS with NSGA2 {NumberOfLayers=5, AgeGap=5, NonDominatedElites=3}",300010,12:27.7,5784,3,5,5,12.29573803,1330.381387,3.351055066,3.207297691,1318.085649,[[0;0;4.49531584999941][4.4953182475319;0;0][0;4.49531824731501;0][2.02604345014128;1.60393546961275;0.865339867613158][...]],0.236011272,10,371701950,20
"ALPS with NSGA2 {NumberOfLayers=5, AgeGap=5, NonDominatedElites=3} Run 23",5,[5;10;20;45;80],"ALPS with NSGA2 {NumberOfLayers=5, AgeGap=5, NonDominatedElites=3}",300010,12:20.9,5784,3,5,5,18.24782769,1330.381387,3.083355794,2.897318797,1312.13356,[[0;0;4.1911099214147][4.19145564293545;0;0][0;4.1914621189406;0][0.812868407133727;3.23627702631053;0.142290221350628][...]],0.215973517,10,1853614927,20
"ALPS with NSGA2 {NumberOfLayers=10, AgeGap=150, NonDominatedElites=3} Run 14",150,[150;300;600;1350;2400;3750;5400;7350;9600;12150],"ALPS with NSGA2 {NumberOfLayers=10, AgeGap=150, NonDominatedElites=3}",300015,22:02.7,9026,3,10,9,0.038596339,1330.994446,0.86004845,0.058162703,1330.95585,[[0;0.422816105112958;0.495097820909926][0;0;0.500097854211401][0.500097854211401;0;0][0;0.500097854211401;0][...]],0.086902486,5,236757122,10
"ALPS with NSGA2 {NumberOfLayers=10, AgeGap=150, NonDominatedElites=3} Run 15",150,[150;300;600;1350;2400;3750;5400;7350;9600;12150],"ALPS with NSGA2 {NumberOfLayers=10, AgeGap=150, NonDominatedElites=3}",300015,18:58.3,9026,3,10,9,0.035999327,1330.998956,0.454533464,0.0169299,1330.962957,[[0;0;0.500013502130436][0.500013502130436;0;0][0;0.500013502130436;0][0.118280035974959;0.24014431546431;0.176537367126804][...]],0.077135482,5,495940778,10
"ALPS with NSGA2 {NumberOfLayers=10, AgeGap=150, NonDominatedElites=3} Run 16",150,[150;300;600;1350;2400;3750;5400;7350;9600;12150],"ALPS with NSGA2 {NumberOfLayers=10, AgeGap=150, NonDominatedElites=3}",300015,19:01.9,9026,3,10,9,0.0344045,1330.998235,0.738056435,0.005984089,1330.963831,[[0;0;0.502885914951545][0;0.502947247849505;0][0.50287896019735;0;0][0.0824395420288242;0.169089783427937;0.251529325456762][...]],0.029263056,5,1882657211,10
"ALPS with NSGA2 {NumberOfLayers=10, AgeGap=150, NonDominatedElites=3} Run 17",150,[150;300;600;1350;2400;3750;5400;7350;9600;12150],"ALPS with NSGA2 {NumberOfLayers=10, AgeGap=150, NonDominatedElites=3}",300015,18:54.7,9026,3,10,9,0.03481402,1330.996335,0.55879774,0.005022634,1330.961521,[[0;0;0.500000431156089][0.500000431156089;0;0][0;0.500000431156089;0][0.0245948552975381;0.21665036968435;0.263432204990878][...]],0.066635344,5,128142668,10
"ALPS with NSGA2 {NumberOfLayers=10, AgeGap=150, NonDominatedElites=3} Run 18",150,[150;300;600;1350;2400;3750;5400;7350;9600;12150],"ALPS with NSGA2 {NumberOfLayers=10, AgeGap=150, NonDominatedElites=3}",300015,18:54.9,9026,3,10,9,0.027339332,1330.988619,0.782509588,0.008213569,1330.961279,[[0;0;0.500011407236489][0;0.500011412515821;0][0.500011407236489;0;0][0.3213137360229;0.0863008396832578;0.124153762052484][...]],0.057027634,5,638886527,10
"ALPS with NSGA2 {NumberOfLayers=10, AgeGap=150, NonDominatedElites=3} Run 19",150,[150;300;600;1350;2400;3750;5400;7350;9600;12150],"ALPS with NSGA2 {NumberOfLayers=10, AgeGap=150, NonDominatedElites=3}",300015,19:00.2,9026,3,10,9,0.018285924,1330.997743,0.829948379,0.004991793,1330.979457,[[0.500000920555721;0;0][0;0.500000549621237;0][0;0;0.500000452953497][0.042893469354482;0.103595435266748;0.353797024683892][...]],0.042126927,5,1905764522,10
"ALPS with NSGA2 {NumberOfLayers=10, AgeGap=150, NonDominatedElites=3} Run 20",150,[150;300;600;1350;2400;3750;5400;7350;9600;12150],"ALPS with NSGA2 {NumberOfLayers=10, AgeGap=150, NonDominatedElites=3}",300015,25:01.8,9026,3,10,9,0.046776675,1330.998216,0.958083392,0.005624146,1330.95144,[[0.50000008877219;0;0][0;0.50000009040475;0][0;0;0.500000088780006][0.173014580531181;0.118902483598706;0.20808349050565][...]],0.052740628,5,2032969928,10
"ALPS with NSGA2 {NumberOfLayers=10, AgeGap=150, NonDominatedElites=3} Run 21",150,[150;300;600;1350;2400;3750;5400;7350;9600;12150],"ALPS with NSGA2 {NumberOfLayers=10, AgeGap=150, NonDominatedElites=3}",300015,26:35.4,9026,3,10,9,0.06875566,1330.992383,0.866396994,0.008061032,1330.923627,[[0;0;0.505036764168231][0.505047201279851;0;0][0;0.505034894611278;0][0.0881334075043231;0.12738205644218;0.289529534246391][...]],0.143541507,5,380131616,10
"ALPS with NSGA2 {NumberOfLayers=10, AgeGap=150, NonDominatedElites=3} Run 22",150,[150;300;600;1350;2400;3750;5400;7350;9600;12150],"ALPS with NSGA2 {NumberOfLayers=10, AgeGap=150, NonDominatedElites=3}",300015,21:06.9,9026,3,10,9,0.040725882,1330.99841,0.954802566,0.005532528,1330.957684,[[0;0;0.500008205898361][0.500008608853719;0;0][0;0.500008393193696;0][0.129874395689999;0.130823578453141;0.246389379553671][...]],0.085480629,5,606245359,10
"ALPS with NSGA2 {NumberOfLayers=10, AgeGap=150, NonDominatedElites=3} Run 23",150,[150;300;600;1350;2400;3750;5400;7350;9600;12150],"ALPS with NSGA2 {NumberOfLayers=10, AgeGap=150, NonDominatedElites=3}",300015,20:19.6,9026,3,10,9,0.056049347,1330.996634,1.03204557,0.016958834,1330.940585,[[0;0;0.500060351396858][0.500060351396858;0;0][0;0.500060351396858;0][0.24443052538285;0.223953736770696;0.0881203284356884][...]],0.085683043,5,122346288,10
