,AgeLimits,Algorithm Name,Execution Time,Generations,NonDominatedElites,NumberOfLayers,OpenLayers,ParetoFrontResults.Absolute Distance to BestKnownHypervolume,ParetoFrontResults.Best known hypervolume,ParetoFrontResults.Crowding,ParetoFrontResults.Generational Distance,ParetoFrontResults.Hypervolume,ParetoFrontResults.Pareto Front,ParetoFrontResults.Spacing,PopulationSize,Seed,SelectedParents
"ALPS with NSGA2 {NumberOfLayers=3, AgeGap=300, NonDominatedElites=1} Run 29",[300;600;1200],"ALPS with NSGA2 {NumberOfLayers=3, AgeGap=300, NonDominatedElites=1}",13:48.9,6542,1,3,3,0.610931939,1330.999773,0.852966555,0.674044293,1330.388841,[[1;0;0][6.07932394360129E-17;4.08006526596657;0.49013223397505][6.12303176911189E-17;0;2.71815736540586][...]],0.370727079,16,1864696412,32
"ALPS with NSGA2 {NumberOfLayers=3, AgeGap=300, NonDominatedElites=0} Run 28",[300;600;1200],"ALPS with NSGA2 {NumberOfLayers=3, AgeGap=300, NonDominatedElites=0}",13:51.8,6542,0,3,3,0.801748642,1330.999897,0.627908697,0.845777063,1330.198148,[[1;0;0][6.12190105743838E-17;3.20175288276983E-18;2.72103211633389][0.0273281453472459;2.72591728274479;0.243542202038943][...]],0.241243282,16,1810769255,32
"ALPS with NSGA2 {NumberOfLayers=3, AgeGap=300, NonDominatedElites=1} Run 30",[300;600;1200],"ALPS with NSGA2 {NumberOfLayers=3, AgeGap=300, NonDominatedElites=1}",14:08.4,6542,1,3,3,0.356923639,1330.995518,0.709127048,0.659471545,1330.638594,[[1;0;0][6.12077458532657E-17;3.03187980678103;0.08234690518317][3.74915180455534E-33;6.70936497722423E-17;1.09575864215994][...]],0.121580472,16,177033603,32
"ALPS with NSGA2 {NumberOfLayers=3, AgeGap=300, NonDominatedElites=0} Run 29",[300;600;1200],"ALPS with NSGA2 {NumberOfLayers=3, AgeGap=300, NonDominatedElites=0}",14:36.6,6542,0,3,3,0.743950104,1330.999656,0.785708333,0.655323814,1330.255705,[[1;0;0][6.12303176911189E-17;1.4244123786972;0][3.74915180455534E-33;6.47713217707721E-17;1.0578308951052][...]],0.166091318,16,1401322192,32
"ALPS with NSGA2 {NumberOfLayers=10, AgeGap=300, NonDominatedElites=0} Run 31",[300;600;1200;2700;4800;7500;10800;14700;19200;24300],"ALPS with NSGA2 {NumberOfLayers=10, AgeGap=300, NonDominatedElites=0}",33:56.5,10982,0,10,8,1.019972573,1330.997977,0.926822063,0.320856558,1329.978005,[[1;0;0][5.88782367555159E-17;3.25367380935737E-17;1.93580189420752][6.12303176911189E-17;0;1.00897983080113][...]],0.669406305,5,188477816,10
"ALPS with NSGA2 {NumberOfLayers=10, AgeGap=300, NonDominatedElites=1} Run 30",[300;600;1200;2700;4800;7500;10800;14700;19200;24300],"ALPS with NSGA2 {NumberOfLayers=10, AgeGap=300, NonDominatedElites=1}",33:58.0,10982,1,10,8,1.02258772,1330.992347,1.687848412,0.582953208,1329.969759,[[1;0;0][6.12303176911189E-17;0;1.01256192548399][3.74915180455534E-33;6.19994884590861E-17;1.01256192678678][...]],0.948115468,5,1272844438,10
"ALPS with NSGA2 {NumberOfLayers=3, AgeGap=300, NonDominatedElites=1} Run 31",[300;600;1200],"ALPS with NSGA2 {NumberOfLayers=3, AgeGap=300, NonDominatedElites=1}",14:09.7,6542,1,3,3,0.555936413,1330.995482,0.460975637,0.577199905,1330.439545,[[1;0;0][3.74915180455534E-33;6.52208143597228E-17;1.06517190860799][6.12303176911189E-17;2.40721798638469;0][...]],0.171106939,16,2145806423,32
"ALPS with NSGA2 {NumberOfLayers=3, AgeGap=300, NonDominatedElites=0} Run 30",[300;600;1200],"ALPS with NSGA2 {NumberOfLayers=3, AgeGap=300, NonDominatedElites=0}",14:38.7,6542,0,3,3,0.391367088,1330.998965,0.658774723,0.61819322,1330.607598,[[1;0;0][6.12253926551325E-17;2.2914311483434;0.0290649418445328][3.74915180455534E-33;6.58321402290096E-17;1.07515594743612][...]],0.182156461,16,1822852887,32
"ALPS with NSGA2 {NumberOfLayers=3, AgeGap=300, NonDominatedElites=1} Run 32",[300;600;1200],"ALPS with NSGA2 {NumberOfLayers=3, AgeGap=300, NonDominatedElites=1}",14:15.5,6542,1,3,3,0.418816735,1330.998008,0.686381859,0.582351348,1330.579192,[[1;0;0][5.52870825741456E-17;5.93718575507247E-17;2.25618022297286][3.74915180455534E-33;6.62977650038073E-17;1.08276042822857][...]],0.142671045,16,1368222344,32
"ALPS with NSGA2 {NumberOfLayers=3, AgeGap=300, NonDominatedElites=0} Run 31",[300;600;1200],"ALPS with NSGA2 {NumberOfLayers=3, AgeGap=300, NonDominatedElites=0}",14:44.4,6542,0,3,3,0.94541457,1330.998872,1.731204928,1.698395487,1330.053458,[[1;0;0][6.12300382576157E-17;9.48532544621793;0.0286566026565509][6.12303176911189E-17;0;5.45536216999878][...]],0.943690273,16,290174039,32
"ALPS with NSGA2 {NumberOfLayers=10, AgeGap=300, NonDominatedElites=0} Run 32",[300;600;1200;2700;4800;7500;10800;14700;19200;24300],"ALPS with NSGA2 {NumberOfLayers=10, AgeGap=300, NonDominatedElites=0}",34:35.2,10982,0,10,8,1.049259943,1330.983421,0.969362111,0.266356876,1329.934161,[[1;0;0][6.0484652593251E-17;1.66477723688799E-17;1.74748003428984][6.12303176911189E-17;1.0525460871562;0][...]],0.610013018,5,525186511,10
"ALPS with NSGA2 {NumberOfLayers=10, AgeGap=300, NonDominatedElites=1} Run 31",[300;600;1200;2700;4800;7500;10800;14700;19200;24300],"ALPS with NSGA2 {NumberOfLayers=10, AgeGap=300, NonDominatedElites=1}",34:41.2,10982,1,10,8,1.240413137,1330.959572,1.014333027,0.353268724,1329.719159,[[1;0;0][5.71815696436897E-17;4.43444863812706E-17;2.02526380714475][6.12303176911189E-17;1.26702202506913;0][...]],0.669021028,5,1545670751,10
"ALPS with NSGA2 {NumberOfLayers=3, AgeGap=300, NonDominatedElites=1} Run 33",[300;600;1200],"ALPS with NSGA2 {NumberOfLayers=3, AgeGap=300, NonDominatedElites=1}",14:16.5,6542,1,3,3,1.323158513,1330.99985,0.812513867,0.932723814,1329.676692,[[1;0;0][6.07565074915395E-17;2.66981379346312E-17;3.51173960461896][0.157594887016606;3.72901077948845;0][...]],0.206271273,16,1458757430,32
"ALPS with NSGA2 {NumberOfLayers=3, AgeGap=300, NonDominatedElites=0} Run 32",[300;600;1200],"ALPS with NSGA2 {NumberOfLayers=3, AgeGap=300, NonDominatedElites=0}",14:49.2,6542,0,3,3,1.081666267,1330.996093,0.57071214,0.858329668,1329.914427,[[1;0;0][5.89954970509527E-17;4.80401692835009E-17;2.93078748125837][3.74915180455534E-33;6.47576288562736E-17;1.05760726545547][...]],0.196426594,16,1575868472,32
"ALPS with NSGA2 {NumberOfLayers=3, AgeGap=300, NonDominatedElites=1} Run 34",[300;600;1200],"ALPS with NSGA2 {NumberOfLayers=3, AgeGap=300, NonDominatedElites=1}",14:22.9,6542,1,3,3,0.156431575,1330.99987,0.757581856,0.816929718,1330.843438,[[1;0;0][6.12303176911189E-17;2.88736360090683;0][6.12303176911189E-17;0;3.64443208242172][3.74915180455534E-33;6.48780509319818E-17;1.05957397214994][...]],0.216983809,16,1101275979,32
"ALPS with NSGA2 {NumberOfLayers=3, AgeGap=300, NonDominatedElites=0} Run 33",[300;600;1200],"ALPS with NSGA2 {NumberOfLayers=3, AgeGap=300, NonDominatedElites=0}",14:54.1,6542,0,3,3,0.832173364,1330.999639,0.820916497,0.743227831,1330.167466,[[1;0;0][3.74915180455534E-33;6.64020643250782E-17;1.08446382166509][6.06242920966824E-17;2.54116526331502;0.360207452920752][...]],0.19328185,16,285613889,32
"ALPS with NSGA2 {NumberOfLayers=3, AgeGap=300, NonDominatedElites=1} Run 35",[300;600;1200],"ALPS with NSGA2 {NumberOfLayers=3, AgeGap=300, NonDominatedElites=1}",14:26.8,6542,1,3,3,0.768919512,1330.999177,0.546030064,0.521249399,1330.230258,[[1;0;0][6.12289217808061E-17;8.86085577229855E-19;2.14314290482438][3.74915180455534E-33;6.39182275757505E-17;1.04389834947764][...]],0.105438806,16,2054136437,32
"ALPS with NSGA2 {NumberOfLayers=3, AgeGap=300, NonDominatedElites=0} Run 34",[300;600;1200],"ALPS with NSGA2 {NumberOfLayers=3, AgeGap=300, NonDominatedElites=0}",14:53.0,6542,0,3,3,1.003212182,1330.999716,0.727971535,0.59118669,1329.996504,[[1;0;0][6.12303176911189E-17;1.93782962102606;0][3.74915180455534E-33;6.53884328988724E-17;1.06790941750016][...]],0.17708343,16,291391382,32
"ALPS with NSGA2 {NumberOfLayers=10, AgeGap=300, NonDominatedElites=0} Run 33",[300;600;1200;2700;4800;7500;10800;14700;19200;24300],"ALPS with NSGA2 {NumberOfLayers=10, AgeGap=300, NonDominatedElites=0}",34:56.3,10982,0,10,8,2.264548222,1330.959572,∞,0.319611401,1328.695024,[[1;0;0][6.12303176911189E-17;0;1.0113085582459][3.74915180455534E-33;6.19298302187152E-17;1.01142428381844][...]],0.979405034,5,1909024552,10
"ALPS with NSGA2 {NumberOfLayers=10, AgeGap=300, NonDominatedElites=1} Run 32",[300;600;1200;2700;4800;7500;10800;14700;19200;24300],"ALPS with NSGA2 {NumberOfLayers=10, AgeGap=300, NonDominatedElites=1}",34:55.3,10982,1,10,8,1.485973862,1330.99774,1.789474577,0.330077235,1329.511766,[[1;0;0][5.80658569885793E-17;3.1149285653459E-17;1.60318994024513][6.09797003367618E-17;1.76523379024794;0.160204946369419][...]],0.456366989,5,907349917,10
"ALPS with NSGA2 {NumberOfLayers=3, AgeGap=300, NonDominatedElites=1} Run 36",[300;600;1200],"ALPS with NSGA2 {NumberOfLayers=3, AgeGap=300, NonDominatedElites=1}",14:25.4,6542,1,3,3,0.190603301,1330.999821,0.523761106,0.47139761,1330.809218,[[1;0;0][6.07990801918038E-17;2.28122519198915;0.27218340550071][5.93499917001293E-17;2.77619941741339E-17;1.84372390762259][...]],0.111382483,16,1860122741,32
"ALPS with NSGA2 {NumberOfLayers=3, AgeGap=300, NonDominatedElites=0} Run 35",[300;600;1200],"ALPS with NSGA2 {NumberOfLayers=3, AgeGap=300, NonDominatedElites=0}",14:56.1,6542,0,3,3,0.588754179,1330.998834,0.577961584,0.661676128,1330.410079,[[1;0;0][3.74915180455534E-33;6.42462266414754E-17;1.04925515764218][6.11187914788855E-17;2.40602032449811;0.145416408924355][...]],0.163901115,16,880544672,32
"ALPS with NSGA2 {NumberOfLayers=3, AgeGap=300, NonDominatedElites=1} Run 37",[300;600;1200],"ALPS with NSGA2 {NumberOfLayers=3, AgeGap=300, NonDominatedElites=1}",14:31.0,6542,1,3,3,0.71607148,1330.997018,0.473769445,0.450998146,1330.280947,[[1;0;0][5.89291141996198E-17;1.77699150717344;0.501431813554118][6.12303176911189E-17;0;2.51929972195464][...]],0.124376225,16,63667325,32
"ALPS with NSGA2 {NumberOfLayers=3, AgeGap=300, NonDominatedElites=0} Run 36",[300;600;1200],"ALPS with NSGA2 {NumberOfLayers=3, AgeGap=300, NonDominatedElites=0}",15:03.3,6542,0,3,3,0.580338803,1330.999098,0.614438979,0.707832435,1330.418759,[[1;0;0][6.11222109296342E-17;9.82661494316863E-18;2.70191097342611][3.74915180455534E-33;6.49970638741705E-17;1.06151766518758][...]],0.188533818,16,760590389,32
"ALPS with NSGA2 {NumberOfLayers=10, AgeGap=300, NonDominatedElites=0} Run 34",[300;600;1200;2700;4800;7500;10800;14700;19200;24300],"ALPS with NSGA2 {NumberOfLayers=10, AgeGap=300, NonDominatedElites=0}",35:12.1,10982,0,10,8,1.416245637,1330.998434,1.719624943,0.333144443,1329.582188,[[1;0;0][6.08445045905814E-17;1.01100307057787E-17;1.47316346314735][6.12303176911189E-17;0;1.01378634346668][...]],0.444656592,5,1260629256,10
"ALPS with NSGA2 {NumberOfLayers=10, AgeGap=300, NonDominatedElites=1} Run 33",[300;600;1200;2700;4800;7500;10800;14700;19200;24300],"ALPS with NSGA2 {NumberOfLayers=10, AgeGap=300, NonDominatedElites=1}",35:13.6,10982,1,10,8,2.100668501,1330.992411,3.417022134,1.117031415,1328.891742,[[1;0;0][6.1226305654612E-17;2.63364547317581E-18;3.75736801611774][5.97327530681742E-17;4.49369838504479;1.01253623826122][...]],1.093716134,5,617439189,10
"ALPS with NSGA2 {NumberOfLayers=3, AgeGap=300, NonDominatedElites=1} Run 38",[300;600;1200],"ALPS with NSGA2 {NumberOfLayers=3, AgeGap=300, NonDominatedElites=1}",14:33.5,6542,1,3,3,0.513458935,1330.999068,0.666893592,0.553070468,1330.485609,[[1;0;0][5.8018568615501E-17;2.44967089187523;0.82630180501777][6.12303176911189E-17;0;2.38087920716464][...]],0.233646566,16,1088788477,32
"ALPS with NSGA2 {NumberOfLayers=3, AgeGap=300, NonDominatedElites=0} Run 37",[300;600;1200],"ALPS with NSGA2 {NumberOfLayers=3, AgeGap=300, NonDominatedElites=0}",15:09.9,6542,0,3,3,0.883171895,1330.994271,0.617404385,0.658504774,1330.111099,[[1;0;0][6.07791349606296E-17;2.02091931902276E-17;2.72380493277091][6.12303176911189E-17;2.28555396151137;0][...]],0.157299668,16,681119638,32
"ALPS with NSGA2 {NumberOfLayers=3, AgeGap=300, NonDominatedElites=1} Run 39",[300;600;1200],"ALPS with NSGA2 {NumberOfLayers=3, AgeGap=300, NonDominatedElites=1}",14:41.7,6542,1,3,3,0.558784079,1330.999785,0.485021491,0.970571392,1330.441001,[[1;0;0][5.93980085978164E-17;3.2855744826189;0.822362790421222][6.11118144748325E-17;3.47774390105225E-17;9.13365296126979][...]],1.393968827,16,491015450,32
"ALPS with NSGA2 {NumberOfLayers=3, AgeGap=300, NonDominatedElites=0} Run 38",[300;600;1200],"ALPS with NSGA2 {NumberOfLayers=3, AgeGap=300, NonDominatedElites=0}",15:14.0,6542,0,3,3,0.841252303,1330.996551,0.679782223,0.79383061,1330.155299,[[1;0;0][6.12303176911189E-17;0;5.90062259057542][6.12303176911189E-17;2.35786319726424;0][3.74915180455534E-33;6.56113547164788E-17;1.07155012729903][...]],0.795490692,16,867790824,32
"ALPS with NSGA2 {NumberOfLayers=3, AgeGap=300, NonDominatedElites=1} Run 40",[300;600;1200],"ALPS with NSGA2 {NumberOfLayers=3, AgeGap=300, NonDominatedElites=1}",14:41.2,6542,1,3,3,0.845269667,1330.997867,1.249611626,1.12053806,1330.152597,[[1;0;0][6.12303176911189E-17;0;6.55565555616693][6.11832345516133E-17;2.70634185106875;0.106193437174679][...]],0.529587885,16,1392693827,32
"ALPS with NSGA2 {NumberOfLayers=10, AgeGap=300, NonDominatedElites=0} Run 35",[300;600;1200;2700;4800;7500;10800;14700;19200;24300],"ALPS with NSGA2 {NumberOfLayers=10, AgeGap=300, NonDominatedElites=0}",35:37.3,10982,0,10,8,2.867846085,1330.980112,1.909456828,1.617255906,1328.112266,[[1;0;0][6.06378558545485E-17;4.50281552604963;0.630980096283422][6.12303176911189E-17;0;1.01353263535578][...]],0.577116305,5,1003059701,10
"ALPS with NSGA2 {NumberOfLayers=10, AgeGap=300, NonDominatedElites=1} Run 34",[300;600;1200;2700;4800;7500;10800;14700;19200;24300],"ALPS with NSGA2 {NumberOfLayers=10, AgeGap=300, NonDominatedElites=1}",35:44.7,10982,1,10,8,1.626744528,1330.995758,∞,1.168375585,1329.369013,[[1;0;0][6.0936443721885E-17;5.8169991482545;0.571977552635125][6.11857020483412E-17;5.87352767242179E-18;2.51325360843364][...]],1.425589499,5,1570194057,10
"ALPS with NSGA2 {NumberOfLayers=3, AgeGap=300, NonDominatedElites=0} Run 39",[300;600;1200],"ALPS with NSGA2 {NumberOfLayers=3, AgeGap=300, NonDominatedElites=0}",15:15.4,6542,0,3,3,0.146760358,1330.997965,0.404049877,0.433387574,1330.851205,[[1;0;0][6.05996278191514E-17;2.1676186222088E-17;2.47285083477098][3.74915180455534E-33;6.56128705348718E-17;1.07157488330962][...]],0.091021171,16,33242083,32
"ALPS with NSGA2 {NumberOfLayers=3, AgeGap=300, NonDominatedElites=1} Run 41",[300;600;1200],"ALPS with NSGA2 {NumberOfLayers=3, AgeGap=300, NonDominatedElites=1}",14:47.5,6542,1,3,3,0.490745708,1330.997703,0.732873377,0.583152404,1330.506957,[[1;0;0][6.04593965550875E-17;2.66155204130041;0.42638612722899][6.12253485119628E-17;1.58823732135687E-18;2.03602744105594][...]],0.215185394,16,232987091,32
"ALPS with NSGA2 {NumberOfLayers=3, AgeGap=300, NonDominatedElites=0} Run 40",[300;600;1200],"ALPS with NSGA2 {NumberOfLayers=3, AgeGap=300, NonDominatedElites=0}",15:21.1,6542,0,3,3,0.413861416,1330.998563,0.779940488,0.823802239,1330.584701,[[1;0;0][3.74915180455534E-33;6.55645446030293E-17;1.07078563488393][6.12303176911189E-17;4.99877155023988;0][...]],0.443640331,16,720825724,32
"ALPS with NSGA2 {NumberOfLayers=3, AgeGap=300, NonDominatedElites=1} Run 42",[300;600;1200],"ALPS with NSGA2 {NumberOfLayers=3, AgeGap=300, NonDominatedElites=1}",14:49.4,6542,1,3,3,0.779549637,1330.990178,1.11340348,1.195731464,1330.210629,[[1;0;0][0.0313612870072617;0;1.59323827550225][6.11208000669536E-17;1.32446152791367E-17;3.61820667233819][...]],1.015342339,16,602463585,32
"ALPS with NSGA2 {NumberOfLayers=3, AgeGap=300, NonDominatedElites=0} Run 41",[300;600;1200],"ALPS with NSGA2 {NumberOfLayers=3, AgeGap=300, NonDominatedElites=0}",15:22.7,6542,0,3,3,0.935529839,1330.991515,1.104455168,1.627821251,1330.055985,[[1;0;0][6.06267950256123E-17;4.45910849431626;0.630747682130608][6.12289822948423E-17;2.26562312720832E-18;5.60256240251084][...]],0.235182783,16,408216157,32
"ALPS with NSGA2 {NumberOfLayers=10, AgeGap=300, NonDominatedElites=0} Run 36",[300;600;1200;2700;4800;7500;10800;14700;19200;24300],"ALPS with NSGA2 {NumberOfLayers=10, AgeGap=300, NonDominatedElites=0}",35:54.2,10982,0,10,8,3.835007531,1330.99604,2.12877617,1.262016019,1327.161033,[[1;0;0][0.389507659867131;4.7925065780821;0][5.66481892678307E-17;3.21264055224866E-17;1.38232828729552][...]],0.482400569,5,585613996,10
"ALPS with NSGA2 {NumberOfLayers=10, AgeGap=300, NonDominatedElites=1} Run 35",[300;600;1200;2700;4800;7500;10800;14700;19200;24300],"ALPS with NSGA2 {NumberOfLayers=10, AgeGap=300, NonDominatedElites=1}",35:56.1,10982,1,10,8,3.4091792,1330.997488,2.471843447,1.592730044,1327.588309,[[1;0;0][6.11982961030726E-17;3.81640236728639;0.123474627632329][6.12303176911189E-17;0;1.00713221079561][...]],0.445852872,5,2089667267,10
"ALPS with NSGA2 {NumberOfLayers=3, AgeGap=300, NonDominatedElites=1} Run 43",[300;600;1200],"ALPS with NSGA2 {NumberOfLayers=3, AgeGap=300, NonDominatedElites=1}",14:36.7,6542,1,3,3,1.42643446,1330.999925,0.618314163,0.71914507,1329.573491,[[1;0;0][6.10932225504863E-17;3.16085054940397;0.211873665323633][3.74915180455534E-33;6.45366360789147E-17;1.05399806031507][...]],0.146521951,16,354886545,32
"ALPS with NSGA2 {NumberOfLayers=3, AgeGap=300, NonDominatedElites=0} Run 42",[300;600;1200],"ALPS with NSGA2 {NumberOfLayers=3, AgeGap=300, NonDominatedElites=0}",14:58.5,6542,0,3,3,0.930100692,1330.996487,1.194397862,1.111616855,1330.066386,[[1;0;0][3.74915180455534E-33;6.75037957102543E-17;1.1024570548659][6.08857837309178E-17;6.54118166336415;0.696855598423349][...]],0.820418649,16,1366647801,32
"ALPS with NSGA2 {NumberOfLayers=3, AgeGap=300, NonDominatedElites=1} Run 44",[300;600;1200],"ALPS with NSGA2 {NumberOfLayers=3, AgeGap=300, NonDominatedElites=1}",14:22.8,6542,1,3,3,0.898219526,1330.99903,0.595934135,0.478864792,1330.100811,[[1;0;0][3.74915180455534E-33;6.42102372666061E-17;1.04866738713524][6.12194414940704E-17;3.15087254462946E-18;2.73031864377734][...]],0.172267874,16,2011644183,32
"ALPS with NSGA2 {NumberOfLayers=3, AgeGap=300, NonDominatedElites=0} Run 43",[300;600;1200],"ALPS with NSGA2 {NumberOfLayers=3, AgeGap=300, NonDominatedElites=0}",14:55.4,6542,0,3,3,1.006822081,1330.998575,0.646349966,0.669566938,1329.991753,[[1;0;0][6.1229929563424E-17;6.52771726344519E-19;2.99416998853113][3.74915180455534E-33;6.52080765326701E-17;1.06496387723509][...]],0.168541502,16,1524679035,32
"ALPS with NSGA2 {NumberOfLayers=10, AgeGap=300, NonDominatedElites=0} Run 37",[300;600;1200;2700;4800;7500;10800;14700;19200;24300],"ALPS with NSGA2 {NumberOfLayers=10, AgeGap=300, NonDominatedElites=0}",34:53.8,10982,0,10,8,1.832210474,1330.985416,1.274328035,0.424804031,1329.153205,[[1;0;0][5.31865835855682E-17;6.08395784331235E-17;2.00545190992754][3.74915180455534E-33;6.22145893638406E-17;1.01607490716751][...]],0.791284133,5,891901830,10
"ALPS with NSGA2 {NumberOfLayers=3, AgeGap=300, NonDominatedElites=1} Run 45",[300;600;1200],"ALPS with NSGA2 {NumberOfLayers=3, AgeGap=300, NonDominatedElites=1}",14:20.6,6542,1,3,3,0.695476757,1330.999796,0.495649995,0.315230232,1330.304319,[[1;0;0][6.07402784746856E-17;1.83491539749047;0.233551283317424][5.83130534510829E-17;3.31739640779564E-17;1.77642442713581][...]],0.154431972,16,572633110,32
"ALPS with NSGA2 {NumberOfLayers=10, AgeGap=300, NonDominatedElites=1} Run 36",[300;600;1200;2700;4800;7500;10800;14700;19200;24300],"ALPS with NSGA2 {NumberOfLayers=10, AgeGap=300, NonDominatedElites=1}",34:50.8,10982,1,10,8,2.906109898,1330.972922,5.650877697,0.77393145,1328.066813,[[1;0;0][6.12303176911189E-17;4.63961553688935;0][3.74915180455534E-33;6.19218730728081E-17;1.01129432947217][...]],1.137115375,5,167975058,10
"ALPS with NSGA2 {NumberOfLayers=3, AgeGap=300, NonDominatedElites=0} Run 44",[300;600;1200],"ALPS with NSGA2 {NumberOfLayers=3, AgeGap=300, NonDominatedElites=0}",14:55.3,6542,0,3,3,0.730748063,1330.999491,0.824319877,0.84363504,1330.268743,[[1;0;0][6.12303176911189E-17;0;1.42547576915153][3.74915180455534E-33;6.48708267861362E-17;1.05945598899849][...]],0.120521599,16,12700548,32
"ALPS with NSGA2 {NumberOfLayers=3, AgeGap=300, NonDominatedElites=1} Run 46",[300;600;1200],"ALPS with NSGA2 {NumberOfLayers=3, AgeGap=300, NonDominatedElites=1}",14:22.8,6542,1,3,3,0.538590394,1330.999944,0.483230632,0.613086113,1330.461353,[[1;0;0][3.74915180455534E-33;6.58954472672739E-17;1.076189863977][6.11677329167663E-17;6.86973280914086E-18;2.48209414490052][...]],0.201687163,16,1698825080,32
"ALPS with NSGA2 {NumberOfLayers=3, AgeGap=300, NonDominatedElites=0} Run 45",[300;600;1200],"ALPS with NSGA2 {NumberOfLayers=3, AgeGap=300, NonDominatedElites=0}",14:58.0,6542,0,3,3,0.897661192,1330.995939,0.685289655,0.65539713,1330.098277,[[1;0;0][6.12303176911189E-17;2.7937666859978;0][3.74915180455534E-33;6.60737046248399E-17;1.07910112369748][...]],0.24524658,16,1517101449,32
"ALPS with NSGA2 {NumberOfLayers=3, AgeGap=300, NonDominatedElites=1} Run 47",[300;600;1200],"ALPS with NSGA2 {NumberOfLayers=3, AgeGap=300, NonDominatedElites=1}",14:26.0,6542,1,3,3,0.534611442,1330.999967,0.700979138,0.455401681,1330.465356,[[1;0;0][3.74915180455534E-33;6.55115482089941E-17;1.06992010950314][6.12303176911189E-17;0;2.48382308306064][...]],0.188602607,16,473478826,32
"ALPS with NSGA2 {NumberOfLayers=10, AgeGap=300, NonDominatedElites=0} Run 38",[300;600;1200;2700;4800;7500;10800;14700;19200;24300],"ALPS with NSGA2 {NumberOfLayers=10, AgeGap=300, NonDominatedElites=0}",34:57.3,10982,0,10,8,3.567275317,1330.991414,3.003360475,1.760428602,1327.424138,[[1;0;0][6.12184323134815E-17;7.2034261733578E-18;5.97111504621453][3.74915180455534E-33;6.17679752872672E-17;1.00878090489193][...]],0.853319859,5,1139914538,10
"ALPS with NSGA2 {NumberOfLayers=10, AgeGap=300, NonDominatedElites=1} Run 37",[300;600;1200;2700;4800;7500;10800;14700;19200;24300],"ALPS with NSGA2 {NumberOfLayers=10, AgeGap=300, NonDominatedElites=1}",35:01.5,10982,1,10,8,1.236431091,1330.965742,1.636167396,0.365325213,1329.729311,[[1;0;0][0.242488800241738;1.85913859048952;0][5.72913116415267E-17;4.02985248914591E-17;1.86507808382696][...]],0.46213784,5,2902456,10
"ALPS with NSGA2 {NumberOfLayers=3, AgeGap=300, NonDominatedElites=0} Run 46",[300;600;1200],"ALPS with NSGA2 {NumberOfLayers=3, AgeGap=300, NonDominatedElites=0}",14:56.0,6542,0,3,3,0.376587506,1330.999057,0.616684583,0.701762673,1330.62247,[[1;0;0][6.12303176911189E-17;0;1.48848789729042][3.74915180455534E-33;6.59851961472238E-17;1.07765562282546][...]],0.1453966,16,314853977,32
"ALPS with NSGA2 {NumberOfLayers=3, AgeGap=300, NonDominatedElites=1} Run 48",[300;600;1200],"ALPS with NSGA2 {NumberOfLayers=3, AgeGap=300, NonDominatedElites=1}",14:27.4,6542,1,3,3,0.811314076,1330.987048,1.109791605,1.080221864,1330.175734,[[1;0;0][5.86533785237188E-17;2.24008184657358;0.671278903798416][6.11145380058202E-17;2.58169090748375E-17;6.85954336986059][...]],0.48156422,16,409707194,32
"ALPS with NSGA2 {NumberOfLayers=3, AgeGap=300, NonDominatedElites=0} Run 47",[300;600;1200],"ALPS with NSGA2 {NumberOfLayers=3, AgeGap=300, NonDominatedElites=0}",14:56.6,6542,0,3,3,0.395702743,1330.999695,0.570235801,0.521818367,1330.603993,[[1;0;0][3.74915180455534E-33;6.39803730951311E-17;1.04491329634912][6.09374815391829E-17;1.26071393598027E-17;2.10778268575097][...]],0.194050607,16,655405249,32
"ALPS with NSGA2 {NumberOfLayers=3, AgeGap=300, NonDominatedElites=3} Run 24",[300;600;1200;2700;4800;7500;10800;14700;19200;24300],"ALPS with NSGA2 {NumberOfLayers=3, AgeGap=300, NonDominatedElites=3}",13:02.3,4706,3,10,5,0.666253336,1330.999719,0.693707442,0.662640827,1330.333465,[[1;0;0][6.01159681524624E-17;2.6661536914665E-17;2.29277384091537][6.09488416493722E-17;4.75436613704058;0.457452970165441][...]],0.272624905,16,1747101930,32
"ALPS with NSGA2 {NumberOfLayers=3, AgeGap=300, NonDominatedElites=3} Run 25",[300;600;1200;2700;4800;7500;10800;14700;19200;24300],"ALPS with NSGA2 {NumberOfLayers=3, AgeGap=300, NonDominatedElites=3}",13:12.6,4706,3,10,5,0.469274995,1330.99754,0.444855622,0.514053291,1330.528265,[[1;0;0][6.1225811148932E-17;1.73972165130616E-18;2.34189697093194][3.74915180455534E-33;6.52404753536048E-17;1.06549300760965][...]],0.104849688,16,312533715,32
"ALPS with NSGA2 {NumberOfLayers=10, AgeGap=300, NonDominatedElites=0} Run 39",[300;600;1200;2700;4800;7500;10800;14700;19200;24300],"ALPS with NSGA2 {NumberOfLayers=10, AgeGap=300, NonDominatedElites=0}",35:06.1,10982,0,10,8,1.017900337,1330.9995,0.945426471,0.171818507,1329.981599,[[1;0;0][6.12240228773953E-17;1.71587443407447E-18;1.95437082128357][6.12303176911189E-17;0;1.00894434984062][...]],0.649306252,5,984151740,10
"ALPS with NSGA2 {NumberOfLayers=10, AgeGap=300, NonDominatedElites=1} Run 38",[300;600;1200;2700;4800;7500;10800;14700;19200;24300],"ALPS with NSGA2 {NumberOfLayers=10, AgeGap=300, NonDominatedElites=1}",35:05.6,10982,1,10,8,1.119689613,1330.975156,1.113187,0.519987748,1329.855466,[[1;0;0][3.74915180455534E-33;6.17253007591405E-17;1.00808395394123][6.12303176911189E-17;0;1.00823543863598][...]],0.477807445,5,1075332207,10
"ALPS with NSGA2 {NumberOfLayers=3, AgeGap=300, NonDominatedElites=3} Run 26",[300;600;1200;2700;4800;7500;10800;14700;19200;24300],"ALPS with NSGA2 {NumberOfLayers=3, AgeGap=300, NonDominatedElites=3}",13:16.8,4706,3,10,5,0.4082927,1330.997649,0.920810978,1.30113308,1330.589356,[[1;0;0][6.12303176911189E-17;10.7833089703353;0][0.309600048134889;0;2.09833725110166][3.74915180455534E-33;6.59978631397322E-17;1.07786249734427][...]],1.096020543,16,1464686785,32
"ALPS with NSGA2 {NumberOfLayers=10, AgeGap=300, NonDominatedElites=3} Run 24",[300;600;1200;2700;4800;7500;10800;14700;19200;24300],"ALPS with NSGA2 {NumberOfLayers=10, AgeGap=300, NonDominatedElites=3}",35:23.6,10982,3,10,8,1.841925076,1330.990954,2.781671772,0.664182877,1329.149029,[[1;0;0][6.08613657017125E-17;2.54451758838345E-17;3.79120691708889][6.12303176911189E-17;1.83380752766549;0][...]],0.998108569,5,1563926861,10
"ALPS with NSGA2 {NumberOfLayers=3, AgeGap=300, NonDominatedElites=3} Run 27",[300;600;1200;2700;4800;7500;10800;14700;19200;24300],"ALPS with NSGA2 {NumberOfLayers=3, AgeGap=300, NonDominatedElites=3}",13:13.1,4706,3,10,5,0.634434661,1330.999732,0.631581512,0.761621454,1330.365297,[[1;0;0][6.12303176911189E-17;0;1.74007775856066][6.02468882035296E-17;3.51451224598574E-17;3.21548176274225][...]],0.177096446,16,1054655301,32
"ALPS with NSGA2 {NumberOfLayers=10, AgeGap=300, NonDominatedElites=0} Run 40",[300;600;1200;2700;4800;7500;10800;14700;19200;24300],"ALPS with NSGA2 {NumberOfLayers=10, AgeGap=300, NonDominatedElites=0}",35:26.7,10982,0,10,8,1.941942873,1330.993478,2.313276159,0.680353489,1329.051536,[[1;0;0][6.12057872414866E-17;5.24267803664692E-18;3.0251414121446][6.0957005778764E-17;1.9426304774295;0.184165776316479][...]],0.550989066,5,819793186,10
"ALPS with NSGA2 {NumberOfLayers=10, AgeGap=300, NonDominatedElites=1} Run 39",[300;600;1200;2700;4800;7500;10800;14700;19200;24300],"ALPS with NSGA2 {NumberOfLayers=10, AgeGap=300, NonDominatedElites=1}",35:22.1,10982,1,10,8,2.281981577,1330.990185,1.619625481,0.760080977,1328.708203,[[1;0;0][5.94411677254994E-17;5.88733419835564E-17;4.00675684864167][3.74915180455534E-33;6.19041529345992E-17;1.01100492809591][...]],0.96219084,5,1102476101,10
"ALPS with NSGA2 {NumberOfLayers=3, AgeGap=300, NonDominatedElites=3} Run 28",[300;600;1200;2700;4800;7500;10800;14700;19200;24300],"ALPS with NSGA2 {NumberOfLayers=3, AgeGap=300, NonDominatedElites=3}",13:11.4,4706,3,10,5,0.408217617,1330.996602,0.296812808,0.370313163,1330.588384,[[1;0;0][6.09375831379407E-17;2.2022275578515;0.216118784881368][3.74915180455534E-33;6.52775314339118E-17;1.06609819931377][...]],0.104385214,16,1044963859,32
"ALPS with NSGA2 {NumberOfLayers=3, AgeGap=300, NonDominatedElites=3} Run 29",[300;600;1200;2700;4800;7500;10800;14700;19200;24300],"ALPS with NSGA2 {NumberOfLayers=3, AgeGap=300, NonDominatedElites=3}",13:14.0,4706,3,10,5,0.703720754,1330.998842,0.543532269,0.747438177,1330.295122,[[1;0;0][5.98013139733608E-17;3.89787274573095E-17;2.96388625779427][6.12303176911189E-17;0;1.44929552161773][...]],0.302973559,16,1323410556,32
"ALPS with NSGA2 {NumberOfLayers=10, AgeGap=300, NonDominatedElites=3} Run 25",[300;600;1200;2700;4800;7500;10800;14700;19200;24300],"ALPS with NSGA2 {NumberOfLayers=10, AgeGap=300, NonDominatedElites=3}",35:25.3,10982,3,10,8,1.064748934,1330.995682,1.77875859,0.806794334,1329.930934,[[1;0;0][6.12236823654887E-17;3.61266516843044E-18;4.00783748890007][6.12303176911189E-17;1.05810891605242;0][...]],0.715130975,5,500431520,10
"ALPS with NSGA2 {NumberOfLayers=3, AgeGap=300, NonDominatedElites=3} Run 30",[300;600;1200;2700;4800;7500;10800;14700;19200;24300],"ALPS with NSGA2 {NumberOfLayers=3, AgeGap=300, NonDominatedElites=3}",13:11.5,4706,3,10,5,0.509070216,1330.999985,0.572739414,0.833437659,1330.490915,[[1;0;0][3.74915180455534E-33;6.48468233546294E-17;1.0590639702664][6.12303176911189E-17;0;1.33130482256623][...]],0.208212005,16,965166297,32
"ALPS with NSGA2 {NumberOfLayers=10, AgeGap=300, NonDominatedElites=0} Run 41",[300;600;1200;2700;4800;7500;10800;14700;19200;24300],"ALPS with NSGA2 {NumberOfLayers=10, AgeGap=300, NonDominatedElites=0}",35:19.6,10982,0,10,8,4.317701882,1330.983589,3.254075579,1.226590228,1326.665887,[[1;0;0][6.12303176911189E-17;4.30545360803539;0][6.12298440571747E-17;1.02618691342056E-18;4.26096186945091][...]],1.559726905,5,1425515347,10
"ALPS with NSGA2 {NumberOfLayers=10, AgeGap=300, NonDominatedElites=1} Run 40",[300;600;1200;2700;4800;7500;10800;14700;19200;24300],"ALPS with NSGA2 {NumberOfLayers=10, AgeGap=300, NonDominatedElites=1}",35:27.1,10982,1,10,8,1.068637524,1330.986433,∞,0.081007572,1329.917796,[[1;0;0][5.86716402338796E-17;2.26590683601346E-17;1.29366295131804][6.12303176911189E-17;0;1.01147189627732][...]],0.669163587,5,1342881381,10
"ALPS with NSGA2 {NumberOfLayers=3, AgeGap=300, NonDominatedElites=3} Run 31",[300;600;1200;2700;4800;7500;10800;14700;19200;24300],"ALPS with NSGA2 {NumberOfLayers=3, AgeGap=300, NonDominatedElites=3}",13:14.9,4706,3,10,5,1.372324255,1330.998207,0.701625058,0.945145607,1329.625882,[[1;0;0][5.97241423682872E-17;3.85545344667586E-17;2.85645085231106][3.74915180455534E-33;6.59164207614762E-17;1.07653239844348][...]],0.158465104,16,1830633951,32
"ALPS with NSGA2 {NumberOfLayers=10, AgeGap=300, NonDominatedElites=3} Run 26",[300;600;1200;2700;4800;7500;10800;14700;19200;24300],"ALPS with NSGA2 {NumberOfLayers=10, AgeGap=300, NonDominatedElites=3}",35:22.9,10982,3,10,8,1.053475193,1330.995113,0.380320816,0.127918462,1329.941638,[[1;0;0][3.74915180455534E-33;6.22022681429598E-17;1.01587367971442][6.12303176911189E-17;0;1.01587367971442][...]],0.650874202,5,380450255,10
"ALPS with NSGA2 {NumberOfLayers=3, AgeGap=300, NonDominatedElites=3} Run 32",[300;600;1200;2700;4800;7500;10800;14700;19200;24300],"ALPS with NSGA2 {NumberOfLayers=3, AgeGap=300, NonDominatedElites=3}",13:14.6,4706,3,10,5,0.340201037,1330.996215,0.596283177,0.723619338,1330.656014,[[1;0;0][6.11490406004906E-17;1.33806330944834E-17;4.24266265981776][3.74915180455534E-33;6.38044069684725E-17;1.04203945650484][...]],0.18351057,16,493474940,32
"ALPS with NSGA2 {NumberOfLayers=3, AgeGap=300, NonDominatedElites=3} Run 33",[300;600;1200;2700;4800;7500;10800;14700;19200;24300],"ALPS with NSGA2 {NumberOfLayers=3, AgeGap=300, NonDominatedElites=3}",13:13.3,4706,3,10,5,0.884350058,1330.999666,0.679560023,0.735518482,1330.115316,[[1;0;0][6.12303167970824E-17;3.22020118487994;0.000550290946297159][6.07997514106668E-17;2.24097557041047E-17;3.09160275708556][...]],0.170532665,16,1092654198,32
"ALPS with NSGA2 {NumberOfLayers=10, AgeGap=300, NonDominatedElites=0} Run 42",[300;600;1200;2700;4800;7500;10800;14700;19200;24300],"ALPS with NSGA2 {NumberOfLayers=10, AgeGap=300, NonDominatedElites=0}",35:25.1,10982,0,10,8,2.401623189,1330.99479,2.210597421,0.766230691,1328.593167,[[1;0;0][5.91852313267631E-17;4.34073959181394E-17;2.76609200234972][6.12303176911189E-17;2.56855255097042;0][...]],0.487003322,5,1645920280,10
"ALPS with NSGA2 {NumberOfLayers=10, AgeGap=300, NonDominatedElites=1} Run 41",[300;600;1200;2700;4800;7500;10800;14700;19200;24300],"ALPS with NSGA2 {NumberOfLayers=10, AgeGap=300, NonDominatedElites=1}",35:27.0,10982,1,10,8,2.975961243,1330.981784,1.847320739,1.071780199,1328.005823,[[1;0;0][6.11387270607738E-17;1.26844584827702E-17;3.78887800879153][6.10673421380983E-17;3.53582006382016;0.258494580690274][...]],0.639352027,5,2083988484,10
"ALPS with NSGA2 {NumberOfLayers=3, AgeGap=300, NonDominatedElites=3} Run 34",[300;600;1200;2700;4800;7500;10800;14700;19200;24300],"ALPS with NSGA2 {NumberOfLayers=3, AgeGap=300, NonDominatedElites=3}",13:16.5,4706,3,10,5,0.677596252,1330.99762,0.772140745,0.960034197,1330.320023,[[1;0;0][3.74915180455534E-33;6.56073064067709E-17;1.07148401120066][6.11494303844895E-17;1.30559984375512E-17;4.1496849405087][...]],0.239934197,16,753278653,32
"ALPS with NSGA2 {NumberOfLayers=10, AgeGap=300, NonDominatedElites=3} Run 27",[300;600;1200;2700;4800;7500;10800;14700;19200;24300],"ALPS with NSGA2 {NumberOfLayers=10, AgeGap=300, NonDominatedElites=3}",35:30.2,10982,3,10,8,3.178736629,1330.985018,1.951194611,1.495619486,1327.806282,[[1;0;0][6.07746385247573E-17;1.77754102284189E-17;2.38397287185443][6.09451812820396E-17;6.45052935969979;0.624704136622855][...]],0.845157023,5,2136126489,10
"ALPS with NSGA2 {NumberOfLayers=3, AgeGap=300, NonDominatedElites=3} Run 35",[300;600;1200;2700;4800;7500;10800;14700;19200;24300],"ALPS with NSGA2 {NumberOfLayers=3, AgeGap=300, NonDominatedElites=3}",13:15.5,4706,3,10,5,0.438516979,1330.991668,0.529377268,0.553278733,1330.553151,[[1;0;0][5.65372205990076E-17;4.73738839022661E-17;2.01509916625103][5.99015354239121E-17;2.30678067293257;0.488567351634373][...]],0.13943444,16,1076087929,32
"ALPS with NSGA2 {NumberOfLayers=10, AgeGap=300, NonDominatedElites=0} Run 43",[300;600;1200;2700;4800;7500;10800;14700;19200;24300],"ALPS with NSGA2 {NumberOfLayers=10, AgeGap=300, NonDominatedElites=0}",35:21.7,10982,0,10,8,1.359885047,1330.994449,0.891083461,0.359382976,1329.634564,[[1;0;0][5.81024577027904E-17;3.66792989761064E-17;1.8985301731915][6.12303176911189E-17;1.35538459866641;0][...]],0.728174388,5,686471937,10
"ALPS with NSGA2 {NumberOfLayers=10, AgeGap=300, NonDominatedElites=1} Run 42",[300;600;1200;2700;4800;7500;10800;14700;19200;24300],"ALPS with NSGA2 {NumberOfLayers=10, AgeGap=300, NonDominatedElites=1}",35:22.4,10982,1,10,8,1.128959781,1330.999854,2.319156963,0.245114653,1329.870894,[[1;0;0][6.11967878892269E-17;4.11320601991995E-18;2.03014088717235][6.12303176911189E-17;1.30407795527455;0][...]],0.537156078,5,187957279,10
"ALPS with NSGA2 {NumberOfLayers=3, AgeGap=300, NonDominatedElites=3} Run 36",[300;600;1200;2700;4800;7500;10800;14700;19200;24300],"ALPS with NSGA2 {NumberOfLayers=3, AgeGap=300, NonDominatedElites=3}",13:05.4,4706,3,10,5,0.126368481,1330.998075,0.420753524,0.517776039,1330.871707,[[1;0;0][3.74915180455534E-33;6.59406112243295E-17;1.07692747173013][6.05497957421583E-17;1.83406065845141;0.275746664856067][...]],0.126667897,16,1451718268,32
"ALPS with NSGA2 {NumberOfLayers=3, AgeGap=300, NonDominatedElites=3} Run 37",[300;600;1200;2700;4800;7500;10800;14700;19200;24300],"ALPS with NSGA2 {NumberOfLayers=3, AgeGap=300, NonDominatedElites=3}",12:59.3,4706,3,10,5,0.618325599,1330.996356,0.517895917,0.696016476,1330.378031,[[1;0;0][6.12155308155495E-17;2.67070504270004;0.0587049264688102][3.74915180455534E-33;6.45470531769535E-17;1.05416819005523][...]],0.142645298,16,325315003,32
"ALPS with NSGA2 {NumberOfLayers=10, AgeGap=300, NonDominatedElites=3} Run 28",[300;600;1200;2700;4800;7500;10800;14700;19200;24300],"ALPS with NSGA2 {NumberOfLayers=10, AgeGap=300, NonDominatedElites=3}",35:11.3,10982,3,10,8,1.471467666,1330.999831,1.645621437,0.288235854,1329.528364,[[1;0;0][5.86194117203613E-17;2.58777464438641E-17;1.46289214712242][5.78745079071277E-17;1.51554711519729;0.523534706622256][...]],0.490521665,5,1688688747,10
"ALPS with NSGA2 {NumberOfLayers=3, AgeGap=300, NonDominatedElites=3} Run 38",[300;600;1200;2700;4800;7500;10800;14700;19200;24300],"ALPS with NSGA2 {NumberOfLayers=3, AgeGap=300, NonDominatedElites=3}",13:09.1,4706,3,10,5,0.730971361,1330.999188,0.63588384,0.654439106,1330.268217,[[1;0;0][3.74915180455534E-33;6.54529649022134E-17;1.06896333989962][6.09848911051363E-17;2.16870398870865E-17;3.95983279505973][...]],0.300922546,16,683722992,32
"ALPS with NSGA2 {NumberOfLayers=10, AgeGap=300, NonDominatedElites=0} Run 44",[300;600;1200;2700;4800;7500;10800;14700;19200;24300],"ALPS with NSGA2 {NumberOfLayers=10, AgeGap=300, NonDominatedElites=0}",35:02.9,10982,0,10,8,1.384656181,1330.991644,1.653036385,0.436095496,1329.606988,[[1;0;0][5.90401997605678E-17;4.32144758179001E-17;2.66266119695481][6.12303176911189E-17;0;1.00962481232102][...]],0.66635381,5,1437301012,10
"ALPS with NSGA2 {NumberOfLayers=10, AgeGap=300, NonDominatedElites=1} Run 43",[300;600;1200;2700;4800;7500;10800;14700;19200;24300],"ALPS with NSGA2 {NumberOfLayers=10, AgeGap=300, NonDominatedElites=1}",35:05.8,10982,1,10,8,2.659619212,1330.992175,1.808421357,1.279577609,1328.332555,[[1;0;0][6.04754204891638E-17;1.98160205311397E-17;2.06736428029959][6.12303176911189E-17;0;1.01202877799433][...]],0.521950453,5,1553905247,10
"ALPS with NSGA2 {NumberOfLayers=3, AgeGap=300, NonDominatedElites=3} Run 39",[300;600;1200;2700;4800;7500;10800;14700;19200;24300],"ALPS with NSGA2 {NumberOfLayers=3, AgeGap=300, NonDominatedElites=3}",13:02.5,4706,3,10,5,0.74299461,1330.998548,0.747932294,0.754505963,1330.255554,[[1;0;0][6.12286384900362E-17;3.34973796935764;0.0248086346313675][5.94543477156398E-17;3.71683951206768E-17;2.53880856184716][...]],0.136585288,16,1638302794,32
"ALPS with NSGA2 {NumberOfLayers=10, AgeGap=300, NonDominatedElites=3} Run 29",[300;600;1200;2700;4800;7500;10800;14700;19200;24300],"ALPS with NSGA2 {NumberOfLayers=10, AgeGap=300, NonDominatedElites=3}",35:20.7,10982,3,10,8,1.023152061,1330.998632,∞,0.04456789,1329.97548,[[1;0;0][3.74915180455534E-33;6.19082492119834E-17;1.01107182759176][6.12303176911189E-17;0;1.01144133538203][...]],0.674512784,5,81351906,10
"ALPS with NSGA2 {NumberOfLayers=3, AgeGap=300, NonDominatedElites=3} Run 40",[300;600;1200;2700;4800;7500;10800;14700;19200;24300],"ALPS with NSGA2 {NumberOfLayers=3, AgeGap=300, NonDominatedElites=3}",13:14.0,4706,3,10,5,0.189781985,1330.999643,0.92623009,1.276219392,1330.809861,[[1;0;0][3.74915180455534E-33;6.38145302610764E-17;1.04220478787966][6.12270244174667E-17;1.1498688042062E-18;1.81068109607801][...]],0.24346013,16,1227595460,32
"ALPS with NSGA2 {NumberOfLayers=3, AgeGap=300, NonDominatedElites=3} Run 41",[300;600;1200;2700;4800;7500;10800;14700;19200;24300],"ALPS with NSGA2 {NumberOfLayers=3, AgeGap=300, NonDominatedElites=3}",13:21.3,4706,3,10,5,0.466098612,1330.99866,0.374370622,0.467210697,1330.532561,[[1;0;0][3.74915180455534E-33;6.56632232103828E-17;1.07239723206445][6.06039998719776E-17;2.0807739104695;0.29992026192291][...]],0.134297507,16,1114612854,32
"ALPS with NSGA2 {NumberOfLayers=10, AgeGap=300, NonDominatedElites=0} Run 45",[300;600;1200;2700;4800;7500;10800;14700;19200;24300],"ALPS with NSGA2 {NumberOfLayers=10, AgeGap=300, NonDominatedElites=0}",35:32.4,10982,0,10,8,2.870488793,1330.974253,∞,1.071322799,1328.103764,[[1;0;0][6.00525625254155E-17;4.31019205791861;0.857812436127657][6.12210069628755E-17;2.26363740801483E-18;2.11998746510361][...]],0.716417949,5,854867324,10
"ALPS with NSGA2 {NumberOfLayers=10, AgeGap=300, NonDominatedElites=1} Run 44",[300;600;1200;2700;4800;7500;10800;14700;19200;24300],"ALPS with NSGA2 {NumberOfLayers=10, AgeGap=300, NonDominatedElites=1}",35:35.3,10982,1,10,8,3.456580814,1330.99112,2.843839192,1.936644786,1327.534539,[[1;0;0][6.09946752526001E-17;2.61555619693483E-17;4.87368314708803][6.12303176911189E-17;4.7162630033413;0][...]],0.498146549,5,1444157772,10
"ALPS with NSGA2 {NumberOfLayers=3, AgeGap=300, NonDominatedElites=3} Run 42",[300;600;1200;2700;4800;7500;10800;14700;19200;24300],"ALPS with NSGA2 {NumberOfLayers=3, AgeGap=300, NonDominatedElites=3}",13:21.1,4706,3,10,5,0.337532045,1330.990511,0.426314682,0.602018039,1330.652979,[[1;0;0][6.12299817325671E-17;2.8460566697963;0.00942800756289406][3.74915180455534E-33;6.57374482701272E-17;1.0736094593163][...]],0.102654528,16,1177119092,32
"ALPS with NSGA2 {NumberOfLayers=10, AgeGap=300, NonDominatedElites=3} Run 30",[300;600;1200;2700;4800;7500;10800;14700;19200;24300],"ALPS with NSGA2 {NumberOfLayers=10, AgeGap=300, NonDominatedElites=3}",35:57.5,10982,3,10,8,2.250085423,1330.995382,2.345255944,0.731659809,1328.745296,[[1;0;0][6.10611201174937E-17;2.84514981269134;0.211950996823104][6.12291351187393E-17;1.05202483967843E-18;2.76449603429651][...]],0.585680878,5,711462268,10
"ALPS with NSGA2 {NumberOfLayers=3, AgeGap=300, NonDominatedElites=3} Run 43",[300;600;1200;2700;4800;7500;10800;14700;19200;24300],"ALPS with NSGA2 {NumberOfLayers=3, AgeGap=300, NonDominatedElites=3}",13:23.9,4706,3,10,5,0.461301175,1330.999127,0.446877003,0.480597026,1330.537826,[[1;0;0][6.11271432446008E-17;2.50182720218604;0.1454201246657][6.12303176911189E-17;0;1.85033537720457][...]],0.117118504,16,403836683,32
"ALPS with NSGA2 {NumberOfLayers=10, AgeGap=300, NonDominatedElites=0} Run 46",[300;600;1200;2700;4800;7500;10800;14700;19200;24300],"ALPS with NSGA2 {NumberOfLayers=10, AgeGap=300, NonDominatedElites=0}",34:37.2,10982,0,10,8,1.019328498,1330.990674,0.913937444,0.139150567,1329.971345,[[1;0;0][5.29909135302358E-17;4.59317212157115E-17;1.49723992142096][3.74915180455534E-33;6.21263035071972E-17;1.01463304209196][...]],0.60964894,5,579729108,10
"ALPS with NSGA2 {NumberOfLayers=10, AgeGap=300, NonDominatedElites=1} Run 45",[300;600;1200;2700;4800;7500;10800;14700;19200;24300],"ALPS with NSGA2 {NumberOfLayers=10, AgeGap=300, NonDominatedElites=1}",34:30.7,10982,1,10,8,1.863226189,1330.974008,∞,0.276964601,1329.110782,[[1;0;0][6.12303176911189E-17;1.86686509519777;0][5.97035831407844E-17;2.00785492503593E-17;1.47766685676037][...]],0.838591597,5,919987655,10
"ALPS with NSGA2 {NumberOfLayers=10, AgeGap=300, NonDominatedElites=3} Run 31",[300;600;1200;2700;4800;7500;10800;14700;19200;24300],"ALPS with NSGA2 {NumberOfLayers=10, AgeGap=300, NonDominatedElites=3}",32:09.0,10982,3,10,8,2.242392322,1330.991993,∞,0.292760042,1328.749601,[[1;0;0][6.12303176911189E-17;2.22043503467495;0][6.12303176911189E-17;0;1.01349511936472][6.11575960171195E-17;3.58248264789508E-18;1.20083377909302][...]],0.971390997,5,1599816467,10
"ALPS with NSGA2 {NumberOfLayers=10, AgeGap=300, NonDominatedElites=0} Run 47",[300;600;1200;2700;4800;7500;10800;14700;19200;24300],"ALPS with NSGA2 {NumberOfLayers=10, AgeGap=300, NonDominatedElites=0}",31:17.1,10982,0,10,8,2.212033604,1330.993355,2.78494547,0.748403653,1328.781322,[[1;0;0][5.93790271741939E-17;5.68296288621951E-17;3.8031815044072][6.12303176911189E-17;2.17977254649099;0][...]],1.016068143,5,1703831887,10
"ALPS with NSGA2 {NumberOfLayers=10, AgeGap=300, NonDominatedElites=1} Run 46",[300;600;1200;2700;4800;7500;10800;14700;19200;24300],"ALPS with NSGA2 {NumberOfLayers=10, AgeGap=300, NonDominatedElites=1}",31:16.3,10982,1,10,8,2.106589568,1330.984532,2.234922525,1.339688428,1328.877943,[[1;0;0][6.12190545681404E-17;5.09850796730264;0.0978057028918607][6.03689836576117E-17;3.12250287338771E-17;3.05106530250053][...]],1.132776474,5,945634197,10
"ALPS with NSGA2 {NumberOfLayers=10, AgeGap=300, NonDominatedElites=3} Run 32",[300;600;1200;2700;4800;7500;10800;14700;19200;24300],"ALPS with NSGA2 {NumberOfLayers=10, AgeGap=300, NonDominatedElites=3}",31:15.1,10982,3,10,8,2.851731539,1330.959572,1.686017317,1.010812656,1328.107841,[[1;0;0][6.12303176911189E-17;2.8533808316889;0][6.12301126850205E-17;5.1550531852975E-19;3.25350792859078][...]],0.991188563,5,1155176210,10
"ALPS with NSGA2 {NumberOfLayers=10, AgeGap=300, NonDominatedElites=0} Run 48",[300;600;1200;2700;4800;7500;10800;14700;19200;24300],"ALPS with NSGA2 {NumberOfLayers=10, AgeGap=300, NonDominatedElites=0}",31:16.4,10982,0,10,8,1.308306935,1330.999995,3.632997422,0.756001379,1329.691688,[[1;0;0][3.74915180455534E-33;6.1968525185112E-17;1.01205624144753][6.12303176911189E-17;0;1.01187389875905][...]],1.085242253,5,656242199,10
"ALPS with NSGA2 {NumberOfLayers=10, AgeGap=300, NonDominatedElites=1} Run 47",[300;600;1200;2700;4800;7500;10800;14700;19200;24300],"ALPS with NSGA2 {NumberOfLayers=10, AgeGap=300, NonDominatedElites=1}",31:16.5,10982,1,10,8,2.213053025,1330.959572,0.885835358,0.650809697,1328.746519,[[1;0;0][5.90934478084736E-17;5.20146997036315E-17;3.24385437351104][6.12303176911189E-17;0;1.01256782917104][...]],0.808211582,5,1426102264,10
"ALPS with NSGA2 {NumberOfLayers=10, AgeGap=300, NonDominatedElites=3} Run 33",[300;600;1200;2700;4800;7500;10800;14700;19200;24300],"ALPS with NSGA2 {NumberOfLayers=10, AgeGap=300, NonDominatedElites=3}",31:24.2,10982,3,10,8,1.348415011,1330.99957,2.696843644,0.688327665,1329.651155,[[1;0;0][6.02537109638424E-17;4.10834536500082;0.742681479404726][5.82409340038557E-17;4.10555188176992E-17;2.17244608767939][...]],0.998878779,5,240867388,10
"ALPS with NSGA2 {NumberOfLayers=10, AgeGap=300, NonDominatedElites=0} Run 49",[300;600;1200;2700;4800;7500;10800;14700;19200;24300],"ALPS with NSGA2 {NumberOfLayers=10, AgeGap=300, NonDominatedElites=0}",31:20.3,10982,0,10,8,1.381552184,1330.988289,2.132408712,0.957402039,1329.606737,[[1;0;0][5.89681503889776E-17;3.70842256689348E-17;2.248937512318][6.12303176911189E-17;0;1.0135735076006][...]],0.568554473,5,225328683,10
"ALPS with NSGA2 {NumberOfLayers=10, AgeGap=300, NonDominatedElites=1} Run 48",[300;600;1200;2700;4800;7500;10800;14700;19200;24300],"ALPS with NSGA2 {NumberOfLayers=10, AgeGap=300, NonDominatedElites=1}",31:22.1,10982,1,10,8,1.077473917,1330.994905,∞,0.117360084,1329.917431,[[1;0;0][5.3431764087321E-17;1.36641588163872;0.764716269876299][6.12303176911189E-17;0;1.01499317892378][...]],0.548575099,5,306835462,10
"ALPS with NSGA2 {NumberOfLayers=10, AgeGap=300, NonDominatedElites=3} Run 34",[300;600;1200;2700;4800;7500;10800;14700;19200;24300],"ALPS with NSGA2 {NumberOfLayers=10, AgeGap=300, NonDominatedElites=3}",31:22.3,10982,3,10,8,0.182676459,1330.998599,1.081932655,0.188283837,1330.815923,[[1;0;0][6.12303176911189E-17;0;1.01047952499735][3.74915180455534E-33;6.18719823359588E-17;1.01047952499735][...]],0.403920921,5,1479102057,10
"ALPS with NSGA2 {NumberOfLayers=10, AgeGap=300, NonDominatedElites=0} Run 50",[300;600;1200;2700;4800;7500;10800;14700;19200;24300],"ALPS with NSGA2 {NumberOfLayers=10, AgeGap=300, NonDominatedElites=0}",31:23.0,10982,0,10,8,1.242707373,1330.959572,2.349126464,1.102077827,1329.716865,[[1;0;0][3.74915180455534E-33;6.15830539395344E-17;1.0057608103586][6.12303176911189E-17;0;1.0057608103586][...]],0.619331076,5,1930788816,10
"ALPS with NSGA2 {NumberOfLayers=10, AgeGap=300, NonDominatedElites=1} Run 49",[300;600;1200;2700;4800;7500;10800;14700;19200;24300],"ALPS with NSGA2 {NumberOfLayers=10, AgeGap=300, NonDominatedElites=1}",31:19.8,10982,1,10,8,1.545081889,1330.999861,1.716758641,0.573688237,1329.454779,[[1;0;0][6.1104482263617E-17;3.06417650173452;0.196751105664168][3.74915180455534E-33;6.17529369927544E-17;1.00853530279349][...]],0.594010697,5,1801013129,10
"ALPS with NSGA2 {NumberOfLayers=10, AgeGap=300, NonDominatedElites=3} Run 35",[300;600;1200;2700;4800;7500;10800;14700;19200;24300],"ALPS with NSGA2 {NumberOfLayers=10, AgeGap=300, NonDominatedElites=3}",26:24.3,10982,3,10,8,2.016094768,1330.998679,1.048947466,0.432965081,1328.982584,[[1;0;0][5.63905985451496E-17;4.918645568582E-17;2.06154666550457][6.12303176911189E-17;1.99231458850477;0][...]],0.802443593,5,1990944760,10
"ALPS with NSGA2 {NumberOfLayers=10, AgeGap=300, NonDominatedElites=3} Run 36",[300;600;1200;2700;4800;7500;10800;14700;19200;24300],"ALPS with NSGA2 {NumberOfLayers=10, AgeGap=300, NonDominatedElites=3}",21:57.9,10982,3,10,8,1.726841592,1330.995209,2.365339366,0.627280784,1329.268367,[[1;0;0][6.12303176911189E-17;2.80932126466059;0][5.98444899079463E-17;2.78600957117055E-17;2.15080520281817][...]],0.735852367,5,2108503729,10
"ALPS with NSGA2 {NumberOfLayers=10, AgeGap=300, NonDominatedElites=3} Run 37",[300;600;1200;2700;4800;7500;10800;14700;19200;24300],"ALPS with NSGA2 {NumberOfLayers=10, AgeGap=300, NonDominatedElites=3}",21:55.5,10982,3,10,8,1.219923268,1330.995224,3.076411684,1.113031197,1329.7753,[[1;0;0][6.07682888262285E-17;5.66016303611419;0.699300635636427][5.06797004496312E-17;5.429582101401E-17;1.58013061475459][...]],0.913340609,5,679446144,10
"ALPS with NSGA2 {NumberOfLayers=10, AgeGap=300, NonDominatedElites=3} Run 38",[300;600;1200;2700;4800;7500;10800;14700;19200;24300],"ALPS with NSGA2 {NumberOfLayers=10, AgeGap=300, NonDominatedElites=3}",21:56.8,10982,3,10,8,1.473508563,1330.995166,2.753947708,0.937178557,1329.521657,[[1;0;0][6.12194477299538E-17;5.66698658021962E-18;4.91200962606317][6.12303176911189E-17;1.54918233773817;0][...]],0.861053207,5,526951102,10
"ALPS with NSGA2 {NumberOfLayers=10, AgeGap=300, NonDominatedElites=3} Run 39",[300;600;1200;2700;4800;7500;10800;14700;19200;24300],"ALPS with NSGA2 {NumberOfLayers=10, AgeGap=300, NonDominatedElites=3}",21:55.7,10982,3,10,8,2.056197376,1330.995701,1.988639115,1.601748161,1328.939504,[[1;0;0][6.11764858277141E-17;1.31365593260558E-17;5.11751525903715][6.10238986660365E-17;2.23227037214113;0.1837611200528][...]],0.431680012,5,67451897,10
"ALPS with NSGA2 {NumberOfLayers=10, AgeGap=300, NonDominatedElites=3} Run 40",[300;600;1200;2700;4800;7500;10800;14700;19200;24300],"ALPS with NSGA2 {NumberOfLayers=10, AgeGap=300, NonDominatedElites=3}",21:56.6,10982,3,10,8,1.014506076,1330.98802,1.428922369,0.483709595,1329.973513,[[1;0;0][5.97494512885625E-17;2.36729673083511;0.530314000175096][5.69719086965491E-17;4.92716756220966E-17;2.19614402606239][...]],0.687703216,5,254224879,10
"ALPS with NSGA2 {NumberOfLayers=10, AgeGap=300, NonDominatedElites=3} Run 41",[300;600;1200;2700;4800;7500;10800;14700;19200;24300],"ALPS with NSGA2 {NumberOfLayers=10, AgeGap=300, NonDominatedElites=3}",21:50.4,10982,3,10,8,1.553749185,1330.994646,1.211133622,0.730638853,1329.440897,[[1;0;0][6.12245539238716E-17;3.13852609551363;0.0430666772289157][3.74915180455534E-33;6.19907139891469E-17;1.01241862408528][...]],0.417079938,5,88902596,10
"ALPS with NSGA2 {NumberOfLayers=10, AgeGap=300, NonDominatedElites=3} Run 42",[300;600;1200;2700;4800;7500;10800;14700;19200;24300],"ALPS with NSGA2 {NumberOfLayers=10, AgeGap=300, NonDominatedElites=3}",21:47.9,10982,3,10,8,3.251161944,1330.991708,4.073440254,1.959338858,1327.740546,[[1;0;0][6.11254891808799E-17;1.09815475181489E-17;3.06627813063713][3.74915180455534E-33;6.19525227279257E-17;1.01179489285765][...]],1.195291529,5,274102802,10
"ALPS with NSGA2 {NumberOfLayers=10, AgeGap=300, NonDominatedElites=3} Run 43",[300;600;1200;2700;4800;7500;10800;14700;19200;24300],"ALPS with NSGA2 {NumberOfLayers=10, AgeGap=300, NonDominatedElites=3}",21:53.6,10982,3,10,8,1.036944526,1330.991117,0.855769542,0.210581204,1329.954173,[[1;0;0][5.88489947806236E-17;2.52532719348554E-17;1.49339404048136][3.74915180455534E-33;6.18135191601927E-17;1.00952471734698][...]],0.639058875,5,2070167941,10
